owner_acronym,source_year,total_original_entries,entries_below_25k,entries_above_25k,original_sum_below_25k,original_sum_above_25k
acoa,2003,1,0,1,0.00,39675.00
acoa,2004,317,198,119,3279472.34,5499811.04
acoa,2005,238,147,91,2330636.64,4819531.55
acoa,2006,240,174,66,2897694.75,3758335.74
acoa,2007,172,99,73,1544218.62,3977028.62
acoa,2008,159,100,59,1584624.55,4041706.79
acoa,2009,191,128,63,2008497.87,4499102.58
acoa,2010,157,99,58,1538684.17,2855197.82
acoa,2011,81,46,35,766105.50,1919821.09
acoa,2012,70,46,24,810695.86,1560373.55
acoa,2013,92,46,46,754394.33,2689555.77
acoa,2014,67,41,26,691918.71,1248137.31
acoa,2015,52,22,30,362604.70,1709684.25
acoa,2016,78,38,40,634355.53,3524934.29
acoa,2017,73,44,29,768560.54,1537479.15
acoa,2018,66,38,28,633113.02,1386618.55
acoa,2019,96,56,40,977012.24,2797500.36
acoa,2020,35,15,20,230229.87,1474537.91
agr,2013,2336,1463,873,24351424.74,137367109.05
agr,2014,1951,1305,646,21460709.01,77600284.08
agr,2015,2209,1392,817,22848216.47,103444473.27
agr,2016,2038,1287,751,20923412.51,119019878.83
agr,2017,1776,1191,585,19832678.19,76800580.06
agr,2018,1732,1136,596,18844689.00,93916681.18
agr,2019,1728,1164,564,19110568.54,85852310.00
agr,2020,879,523,356,8596514.31,56978030.14
atssc,2016,53,23,30,398474.20,3870489.46
atssc,2017,118,57,61,966066.72,8299431.55
atssc,2018,115,47,68,894964.76,7095471.12
atssc,2019,78,29,49,430486.98,6269489.66
atssc,2020,56,14,42,221625.03,4977800.87
cannor,2016,8,7,1,119145.00,164854.00
cannor,2017,14,9,5,163051.41,353963.80
cannor,2018,19,12,7,232303.11,548549.29
cannor,2019,22,13,9,216898.93,566676.01
cannor,2020,9,6,3,123728.75,113316.60
cas,2016,23,10,13,153648.86,782079.97
cas,2017,133,55,78,949868.39,11132153.85
cas,2018,404,165,239,2740236.83,30865335.98
cas,2019,232,103,129,1761604.64,17042871.35
cas,2020,70,33,37,532169.05,5232546.77
casdo,2019,5,1,4,23571.80,156702.76
casdo,2020,6,1,5,24860.00,205705.44
cbsa,2014,753,366,387,6325806.34,110320557.99
cbsa,2015,765,351,414,6236216.84,227426625.77
cbsa,2016,595,288,307,4758632.22,235063551.76
cbsa,2017,797,306,491,5013651.33,348739154.96
cbsa,2018,736,365,371,6066807.36,230468765.74
cbsa,2019,979,383,596,6448276.39,318300488.11
cbsa,2020,517,203,314,3353966.52,133708887.43
cc,2008,48,32,16,559977.95,876867.05
cc,2009,49,31,18,554837.92,807261.55
cc,2010,62,34,28,606099.38,2516043.16
cc,2011,40,18,22,338180.81,1410651.92
cc,2012,52,29,23,472691.30,2980196.48
cc,2013,57,33,24,534403.02,3593303.63
cc,2014,54,34,20,506311.45,1736304.24
cc,2015,52,25,27,422860.54,1472259.68
cc,2016,67,29,38,457557.03,5789335.02
cc,2017,42,15,27,241052.00,3686336.00
ccohs,2016,4,3,1,49914.05,58500.00
ccohs,2017,19,13,6,211353.58,462043.52
ccohs,2018,18,13,5,193832.21,480100.12
ccohs,2019,20,15,5,238398.19,289049.61
ccohs,2020,14,11,3,220423.82,96973.49
ced,2004,114,73,41,1228413.00,5642111.00
ced,2005,135,89,46,1563428.00,3475741.00
ced,2006,154,110,44,1280208.76,2732882.93
ced,2007,118,84,34,1175745.43,2955611.29
ced,2008,160,112,48,1540888.17,2514450.09
ced,2009,146,92,54,1248767.18,3080377.95
ced,2010,137,93,44,1428192.04,3429543.94
ced,2011,99,61,38,944029.81,2622292.67
ced,2012,70,46,24,671685.44,3548195.11
ced,2013,69,47,22,732437.14,1444886.44
ced,2014,51,28,23,401603.69,2008136.98
ced,2015,46,28,18,409402.48,2061366.17
ced,2016,68,36,32,565703.16,2184313.98
ced,2017,53,34,19,548896.01,1882035.36
ced,2018,39,23,16,371888.49,1140609.47
ced,2019,51,23,28,330981.50,1914940.96
ced,2020,34,15,19,234545.73,1856223.64
cer,2015,69,33,36,585178.72,5970299.49
cer,2016,207,111,96,2097077.45,24960325.08
cer,2017,174,74,100,1289703.06,34405559.71
cer,2018,164,90,74,1572995.01,17149611.09
cer,2019,115,44,71,794084.42,10231663.17
cer,2020,90,29,61,499615.89,9179224.88
cfia,2011,488,244,244,4214978.88,36094033.07
cfia,2012,831,437,394,7398004.00,47802922.00
cfia,2013,852,400,452,7018180.56,91856909.80
cfia,2014,600,286,314,4820261.93,47108631.75
cfia,2015,530,263,267,4420687.49,47610077.39
cfia,2016,827,440,387,7722117.73,71841630.92
cfia,2017,448,221,227,3828032.23,46379378.13
cfia,2018,460,214,246,3794690.12,46979215.63
cfia,2019,369,162,207,2791920.56,27927501.98
cfia,2020,194,68,126,1128498.40,19463001.07
cgc,2016,43,29,14,431018.31,1013075.40
cgc,2017,122,71,51,1100784.66,6621235.53
cgc,2018,124,88,36,1370135.58,2525373.19
cgc,2019,121,70,51,1158465.36,3947150.67
cgc,2020,59,28,31,502810.97,2263509.12
chrc,2017,29,19,10,373627.79,1682831.84
chrc,2018,55,36,19,689134.94,1120853.82
chrc,2019,85,52,33,1039111.33,2624617.23
chrc,2020,65,45,20,809734.70,1512462.04
cics,2017,6,4,2,56357.33,64161.75
cics,2018,31,26,5,376611.73,278931.48
cics,2019,32,30,2,445122.02,148218.41
cics,2020,4,3,1,46111.69,25368.50
cihr,2015,64,29,35,527595.19,4200741.53
cihr,2016,184,98,86,1751848.15,10312956.94
cihr,2017,113,65,48,1099721.73,6147984.24
cihr,2018,119,67,52,1154874.46,5935517.57
cihr,2019,215,173,42,3008661.65,3141386.38
cihr,2020,55,25,30,470164.87,2190736.70
cnsc,2004,291,218,73,4027152.37,4840424.63
cnsc,2005,317,210,107,3886635.74,6183874.18
cnsc,2006,327,215,112,3788302.16,6941752.18
cnsc,2007,361,230,131,4014195.89,9369621.20
cnsc,2008,386,248,138,4294240.79,12532823.10
cnsc,2009,465,308,157,5478605.60,11776210.62
cnsc,2010,440,269,171,5044068.61,13658341.61
cnsc,2011,244,137,107,2434703.81,9572016.60
cnsc,2012,298,170,128,3091877.76,10618201.36
cnsc,2013,250,147,103,2578386.97,9435676.75
cnsc,2014,224,126,98,2254900.41,11759309.11
cnsc,2015,158,88,70,1574524.32,7547327.31
cnsc,2016,179,87,92,1625619.84,10719715.09
cnsc,2017,160,76,84,1404379.87,9464736.38
cnsc,2018,151,76,75,1411423.46,12163868.20
cnsc,2019,173,85,88,1516538.68,11624925.74
cnsc,2020,109,40,69,676341.70,11946813.24
cpc,2016,15,6,9,91528.36,816038.38
cpc,2017,46,31,15,617476.09,1366319.69
cpc,2018,37,28,9,557010.30,683412.94
cpc,2019,34,14,20,295760.76,902170.21
cpc,2020,13,4,9,88905.03,464024.66
cra,2001,6,2,4,43067.34,1133267.51
cra,2002,7,1,6,18928.75,27492005.53
cra,2003,17,8,9,125885.53,107685248.05
cra,2004,2713,1449,1264,24074156.93,247945463.76
cra,2005,2520,1354,1166,22283069.50,268960266.82
cra,2006,2654,1272,1382,20647555.21,499896519.98
cra,2007,2528,1228,1300,19872252.33,370324306.57
cra,2008,2119,1146,973,18485257.42,269730099.74
cra,2009,1744,968,776,15578377.68,130685836.61
cra,2010,1843,971,872,15481787.77,325134613.13
cra,2011,1801,1012,789,15935762.18,354522087.49
cra,2012,1125,578,547,9322537.10,135546081.69
cra,2013,923,486,437,7821703.02,91762456.26
cra,2014,855,446,409,7504036.61,72742458.15
cra,2015,501,226,275,3699022.76,51090559.89
cra,2016,936,465,471,7210528.51,123775833.27
cra,2017,684,340,344,5262335.60,91089799.94
cra,2018,590,238,352,3988258.38,93842670.06
cra,2019,609,251,358,4159474.64,84933052.49
cra,2020,391,115,276,1908614.00,81395412.30
crtc,2016,26,18,8,320044.98,3003801.79
crtc,2017,137,90,47,1673959.24,8884859.99
crtc,2018,120,70,50,1203012.02,14950158.24
crtc,2019,99,49,50,853610.63,7114570.42
crtc,2020,58,20,38,379468.81,6936220.90
csa,2008,571,257,314,4549992.83,211912555.32
csa,2009,554,291,263,5190248.04,124806816.62
csa,2010,481,244,237,4417230.50,80712109.49
csa,2011,414,209,205,3660167.18,47983653.39
csa,2012,332,167,165,2945958.02,796082792.42
csa,2013,312,166,146,2923278.59,112282950.50
csa,2014,355,155,200,2817598.43,65932978.24
csa,2015,323,154,169,2614027.54,69117371.60
csa,2016,358,157,201,2721275.85,234879891.60
csa,2017,323,159,164,2731887.27,503999485.91
csa,2018,211,107,104,1817128.58,23843065.01
csa,2019,317,150,167,2479749.50,93491170.09
csa,2020,177,72,105,1171423.43,288275744.01
csc,2006,1,0,1,0.00,2075000.00
csc,2007,1,0,1,0.00,344587.00
csc,2008,11,0,11,0.00,11708350.00
csc,2009,56,0,56,0.00,88092823.00
csc,2010,94,0,94,0.00,77319568.00
csc,2011,168,6,162,99135.00,141822597.00
csc,2012,240,20,220,290915.00,147675750.00
csc,2013,1252,652,600,10359005.00,153947168.00
csc,2014,2834,1607,1227,25337632.00,234381780.00
csc,2015,3254,1765,1489,28058652.00,187122398.00
csc,2016,3599,1665,1934,26020669.31,559460142.37
csc,2017,3680,1881,1799,29734965.86,349173004.70
csc,2018,3588,2014,1574,31888695.07,309049775.22
csc,2019,3334,1799,1535,28179549.88,246168917.58
csc,2020,2168,1178,990,18727436.64,161289350.36
csps,2012,103,65,38,999030.52,4499507.34
csps,2013,157,80,77,1262941.08,6466300.64
csps,2014,153,68,85,1083327.57,7479880.79
csps,2015,110,44,66,712926.07,11179245.49
csps,2016,95,53,42,894445.82,3335902.72
csps,2017,66,43,23,701757.83,2041832.30
csps,2018,131,78,53,1322937.65,5385689.80
csps,2019,98,51,47,862751.54,4141569.13
csps,2020,64,23,41,401657.54,2591890.28
cta,2015,22,13,9,201866.30,1724290.13
cta,2016,37,21,16,413309.46,1350613.85
cta,2017,55,30,25,546805.30,1675168.50
cta,2018,62,43,19,687210.11,1761713.18
cta,2019,43,25,18,458395.96,1835430.34
cta,2020,32,15,17,253121.16,1482764.35
dfo,2010,5896,3447,2449,51468651.20,548425664.06
dfo,2011,5031,3205,1826,46265654.38,316718242.28
dfo,2012,4810,3104,1706,44276429.41,266736666.99
dfo,2013,4427,2835,1592,39807765.17,256534043.14
dfo,2014,4633,2951,1682,40673006.06,599176235.08
dfo,2015,3516,2124,1392,29057861.42,853461454.70
dfo,2016,6231,3524,2707,50987371.16,646313674.17
dfo,2017,5830,2955,2875,47082507.62,697045262.44
dfo,2018,5419,2779,2640,44540837.26,1199725876.28
dfo,2019,5615,2731,2884,44355234.95,570244860.44
dfo,2020,3832,1818,2014,29411792.45,441334075.23
dnd,1999,2,1,1,13018.00,47639.00
dnd,2002,4,1,3,17250.00,6483563.93
dnd,2003,186,101,85,1613596.90,37219989.00
dnd,2004,8816,4156,4660,68671163.20,7728163618.76
dnd,2005,7086,2831,4255,46688036.03,4772258972.46
dnd,2006,4280,1564,2716,26103189.50,1044016447.29
dnd,2007,8580,3971,4609,65710603.03,4555948405.32
dnd,2008,12561,5515,7046,91152184.69,8494912267.13
dnd,2009,13448,5962,7486,98122054.23,5514632845.06
dnd,2010,15499,7228,8271,118752014.44,4098410689.26
dnd,2011,22020,9733,12287,159626314.79,8085402508.20
dnd,2012,14027,6140,7887,100626037.55,4881911686.90
dnd,2013,14985,6845,8140,111931692.99,4480161975.29
dnd,2014,17383,7988,9395,131117991.17,6653321978.02
dnd,2015,17267,7905,9362,129814859.71,5736840702.87
dnd,2016,10394,4923,5471,79511127.77,3791905648.57
dnd,2017,13227,6750,6477,109915235.24,3524840826.98
dnd,2018,18362,8872,9490,144564716.08,4841445364.13
dnd,2019,15083,8024,7059,126519438.78,9677865188.17
dnd,2020,8385,4641,3744,74871472.52,5457225544.95
ec,2004,3046,2139,907,35078234.59,69222274.32
ec,2005,2731,1744,987,28270086.79,84749829.61
ec,2006,2650,1695,955,26853905.68,85549711.35
ec,2007,2967,2088,879,34380648.69,75399962.61
ec,2008,3705,2583,1122,43296917.29,89080198.66
ec,2009,3897,2719,1178,46041978.67,112064376.72
ec,2010,3559,2480,1079,39602601.57,99502929.46
ec,2011,3460,2498,962,39743337.86,88518038.51
ec,2012,3335,2411,924,38578956.27,93783476.52
ec,2013,3506,2573,933,41044745.91,82891761.52
ec,2014,3111,2254,857,35835795.66,89661072.05
ec,2015,2592,1672,920,29196502.33,109905217.67
ec,2016,2468,1733,735,30376492.21,164122807.65
ec,2017,1782,1234,548,22455873.17,71765576.19
ec,2018,1160,787,373,14642401.42,137233979.17
ec,2019,2182,1319,863,23809607.15,98327136.65
ec,2020,1476,719,757,12466965.69,69512592.40
elections,2016,129,69,60,1313224.41,30411931.03
elections,2017,231,122,109,2379936.99,192109459.43
elections,2018,407,140,267,2681781.84,84765199.90
elections,2019,337,139,198,2457489.07,124107220.43
elections,2020,220,68,152,1188104.97,27492546.14
esdc,2003,1,0,1,0.00,596248.26
esdc,2004,1819,1100,719,18947885.79,87211954.14
esdc,2005,2061,1068,993,18462538.41,276950097.21
esdc,2006,1664,847,817,15037405.59,382149095.40
esdc,2007,1721,936,785,15896255.39,177434571.57
esdc,2008,1348,763,585,13209687.79,132548315.55
esdc,2009,2201,1015,1186,17564108.05,567561941.08
esdc,2010,1894,924,970,16181130.90,894280627.75
esdc,2011,1752,877,875,15699642.48,849271285.52
esdc,2012,1244,634,610,11379330.74,354649378.49
esdc,2013,1136,509,627,9437606.25,322676293.23
esdc,2014,1131,446,685,8118035.74,745836347.04
esdc,2015,1120,387,733,7175444.16,229783831.10
esdc,2016,1169,427,742,7632550.44,2394703278.56
esdc,2017,927,371,556,6715602.00,117593729.85
esdc,2018,889,358,531,6674675.16,110346954.44
esdc,2019,1235,436,799,7597242.52,166469152.74
esdc,2020,858,232,626,3957064.57,185349573.87
fcac,2004,31,23,8,342058.00,656072.00
fcac,2005,30,21,9,356534.00,358093.00
fcac,2006,34,17,17,271382.20,1027193.00
fcac,2007,48,27,21,475234.00,962240.00
fcac,2008,42,21,21,342737.00,1439170.00
fcac,2009,62,34,28,521577.00,2498519.75
fcac,2010,77,44,33,810536.00,2377220.00
fcac,2011,72,47,25,794351.00,1281194.36
fcac,2012,62,39,23,650981.00,6200960.60
fcac,2013,39,26,13,455048.00,558661.99
fcac,2014,66,30,36,561104.00,2155615.00
fcac,2015,52,31,21,553193.00,2306707.98
fcac,2016,51,33,18,566247.52,1421395.31
fcac,2017,82,46,36,820862.43,3724445.47
fcac,2018,81,40,41,677737.67,5073224.99
fcac,2019,90,43,47,695093.75,8223950.77
fcac,2020,31,14,17,207972.77,4782967.58
feddev,2009,60,38,22,674310.08,2268983.00
feddev,2010,135,93,42,1497769.74,2945299.28
feddev,2011,77,43,34,742206.93,1814657.50
feddev,2012,77,34,43,567831.45,1986633.96
feddev,2013,42,22,20,336348.50,1384301.05
feddev,2014,51,28,23,480841.15,3253418.39
feddev,2015,39,26,13,402845.27,718447.99
feddev,2016,32,20,12,328624.69,613946.94
feddev,2017,28,19,9,275500.59,513513.87
feddev,2018,39,24,15,391345.61,859428.69
feddev,2019,52,25,27,457090.04,2128309.49
feddev,2020,17,5,12,82045.03,883538.29
fin,2004,245,171,74,3078623.22,8892206.60
fin,2005,365,219,146,3863611.96,18254193.59
fin,2006,365,235,130,4124220.70,13786395.07
fin,2007,380,225,155,4096063.12,13609321.50
fin,2008,267,165,102,2868354.35,26697494.77
fin,2009,224,134,90,2179874.96,21709226.68
fin,2010,167,112,55,1843935.27,14565851.23
fin,2011,179,91,88,1566483.38,21483001.32
fin,2012,111,72,39,1065654.09,17804409.08
fin,2013,102,55,47,916659.02,15699403.14
fin,2014,126,83,43,1314092.34,15893193.43
fin,2015,82,45,37,739642.75,5180621.30
fin,2016,128,81,47,1404373.42,6563813.46
fin,2017,110,70,40,1165896.63,5650483.12
fin,2018,107,61,46,1142127.53,5852597.16
fin,2019,113,66,47,1112890.67,4223531.51
fin,2020,70,33,37,533247.62,8126856.59
fintrac,2004,40,25,15,447791.81,1266896.82
fintrac,2005,61,43,18,720736.73,838427.27
fintrac,2006,81,47,34,772852.16,1477044.16
fintrac,2007,127,89,38,1557128.78,1898603.37
fintrac,2008,63,34,29,608990.69,3028826.55
fintrac,2009,65,43,22,749632.00,1468741.32
fintrac,2010,75,44,31,728774.83,1516337.62
fintrac,2011,90,53,37,823411.18,2827156.28
fintrac,2012,70,43,27,729702.79,2375110.81
fintrac,2013,24,12,12,219845.22,841897.18
fintrac,2014,18,9,9,139008.21,1304708.84
fintrac,2015,17,11,6,162413.86,591499.61
fintrac,2016,30,17,13,286337.96,921820.02
fintrac,2017,35,20,15,318796.99,1489776.96
fintrac,2018,52,20,32,348398.33,2662236.71
fintrac,2019,32,19,13,313057.85,1901134.86
fintrac,2020,22,9,13,148802.71,1258398.07
fja,2007,21,17,4,249148.55,218530.66
fja,2008,47,38,9,635362.21,378580.75
fja,2009,62,46,16,818221.98,1315645.32
fja,2010,77,60,17,1039996.94,1046347.61
fja,2011,115,85,30,1509113.13,2005940.58
fja,2012,94,65,29,1121565.40,1385406.06
fja,2013,94,69,25,1124537.18,1650803.83
fja,2014,83,59,24,991189.01,1699394.89
fja,2015,84,64,20,1108431.20,1879958.65
fja,2016,77,56,21,928368.49,1120748.15
fja,2017,85,64,21,1050124.17,2294770.72
fja,2018,69,56,13,925796.30,1621285.81
fja,2019,74,57,17,852198.45,734602.87
fja,2020,65,48,17,798132.31,1234316.76
fpcc,2016,1,0,1,0.00,60000.00
fpcc,2017,2,1,1,12976.38,54952.00
fpcc,2018,6,6,0,94832.50,0.00
fpcc,2019,1,1,0,21600.00,0.00
fpcc,2020,13,2,11,33175.78,722433.77
gac,2004,1790,1147,643,19586368.96,82690240.59
gac,2005,2040,1217,823,22073153.51,134581677.39
gac,2006,3355,2139,1216,36752517.25,169381970.63
gac,2007,3061,1953,1108,33605043.81,120766491.89
gac,2008,2353,1472,881,24735888.43,133347372.32
gac,2009,2426,1608,818,27698062.62,132974719.48
gac,2010,3072,2082,990,35209742.82,192906620.50
gac,2011,2766,1852,914,32118013.51,149247574.89
gac,2012,2403,1507,896,25047140.00,217049567.52
gac,2013,2557,1546,1011,25620400.29,308920768.16
gac,2014,2784,1738,1046,28158424.21,198379366.03
gac,2015,2683,1690,993,28506051.73,222464752.29
gac,2016,2638,1743,895,29412896.67,169280515.34
gac,2017,3599,2414,1185,41490017.56,356143057.59
gac,2018,3781,2430,1351,40826059.21,254033213.85
gac,2019,3670,2179,1491,36974148.15,273584952.34
gac,2020,2080,1159,921,19216462.63,153260280.52
hc,2010,1527,958,569,16581622.37,52597781.89
hc,2011,2740,1731,1009,30107406.24,133589126.56
hc,2012,2127,1299,828,22156955.24,158609506.00
hc,2013,1953,1096,857,19179498.46,135760777.33
hc,2014,1958,1076,882,19058862.31,449360136.87
hc,2015,1660,972,688,17236173.01,137942707.18
hc,2016,1678,946,732,16705729.86,152193888.15
hc,2017,1443,811,632,14486831.70,116699154.46
hc,2018,1422,792,630,14457397.16,91772469.65
hc,2019,1159,638,521,11442785.77,103358792.72
hc,2020,821,375,446,6437109.50,142036110.73
iaac,2004,59,53,6,877268.91,350016.40
iaac,2005,57,42,15,700008.58,697808.74
iaac,2006,28,17,11,274471.76,455069.44
iaac,2007,52,35,17,601657.13,952807.32
iaac,2008,88,65,23,1187985.98,1567696.98
iaac,2009,69,50,19,864623.99,1124586.77
iaac,2010,34,24,10,369478.05,827197.09
iaac,2011,32,29,3,486256.31,256195.30
iaac,2012,48,40,8,648738.59,428220.35
iaac,2013,52,29,23,483452.25,1931911.05
iaac,2014,18,11,7,186501.72,526002.00
iaac,2015,7,4,3,64940.33,260836.49
iaac,2016,55,31,24,563198.77,1763785.93
iaac,2017,23,13,10,255110.28,731392.56
iaac,2018,70,41,29,723937.83,2917279.32
iaac,2019,69,47,22,843452.20,2024355.10
iaac,2020,44,8,36,124935.16,2555865.43
ic,2004,2313,1691,622,29247284.00,53814905.00
ic,2005,2331,1646,685,28366562.00,56368678.00
ic,2006,2000,1387,613,23499512.00,55189271.00
ic,2007,1753,1252,501,21600707.00,51150064.00
ic,2008,1687,1138,549,19823861.00,61224142.00
ic,2009,1565,1039,526,17784211.00,53793142.00
ic,2010,1380,920,460,15912982.00,63017613.00
ic,2011,1261,820,441,14090476.00,48534009.00
ic,2012,1084,702,382,12344556.00,41339065.00
ic,2013,1120,664,456,11804929.00,51094730.00
ic,2014,1008,630,378,11091436.00,43509969.00
ic,2015,1047,640,407,11541905.00,45663847.00
ic,2016,1069,590,479,10633543.36,59921149.42
ic,2017,1233,693,540,12978174.90,110578017.72
ic,2018,1120,639,481,11903287.73,66488878.31
ic,2019,893,449,444,8037558.35,86283093.87
ic,2020,633,271,362,4629240.88,74407405.94
ijc,2017,32,19,13,324453.33,665027.84
ijc,2018,34,22,12,368960.67,1159270.44
ijc,2019,29,19,10,319254.00,529318.67
ijc,2020,26,16,10,278766.30,608998.05
inac,2013,922,479,443,8505932.48,76160921.51
inac,2014,1281,558,723,9958469.10,321106731.00
inac,2015,778,406,372,7330898.38,119569363.47
inac,2016,774,380,394,6825455.82,94110179.83
inac,2017,836,397,439,7059264.73,69358295.87
inac,2018,385,177,208,3136704.82,33007082.48
inac,2019,523,201,322,3580685.56,42380266.59
inac,2020,250,69,181,1184681.90,28329677.19
infra,2006,55,44,11,857507.14,7498204.94
infra,2007,106,60,46,1075316.84,3404846.13
infra,2008,71,34,37,656951.07,1780683.01
infra,2009,108,60,48,1015172.35,6694346.91
infra,2010,101,59,42,1063816.43,7101645.75
infra,2011,72,31,41,558454.73,3022816.53
infra,2012,58,23,35,466405.73,2933803.46
infra,2013,42,21,21,367940.12,1387203.91
infra,2014,76,41,35,685500.22,5154643.93
infra,2015,78,37,41,679736.95,4650885797.96
infra,2016,122,70,52,1316606.56,13281622.28
infra,2017,96,58,38,1103561.97,11883066.08
infra,2018,116,58,58,1106421.50,10646815.16
infra,2019,99,41,58,736138.17,4854348.08
infra,2020,42,9,33,142446.40,2593595.99
irb,2019,461,310,151,5642324.75,22861467.41
irb,2020,248,115,133,1911355.96,13603307.09
ircc,2010,969,452,517,7714278.93,221650252.27
ircc,2011,692,328,364,5768985.44,237301253.86
ircc,2012,680,261,419,4666984.97,167029512.84
ircc,2013,638,254,384,4420332.97,69752218.12
ircc,2014,561,193,368,3418586.08,67286083.80
ircc,2015,652,194,458,3382807.99,373174587.02
ircc,2016,581,191,390,3275776.16,89145298.54
ircc,2017,517,144,373,2576343.69,141684191.57
ircc,2018,649,169,480,3043009.82,124644991.48
ircc,2019,639,149,490,2578459.15,348481980.74
ircc,2020,416,95,321,1641195.04,86880610.77
isc,2017,168,83,85,1373173.35,16166036.88
isc,2018,486,192,294,3419152.76,84095199.04
isc,2019,514,222,292,3788734.24,320946784.37
isc,2020,572,264,308,4437119.93,76776017.82
just,2003,2,2,0,38254.10,0.00
just,2004,717,511,206,8766209.77,16243000.73
just,2005,752,560,192,9594229.17,17342791.46
just,2006,582,410,172,6995147.96,16026556.84
just,2007,627,418,209,7296204.26,21394978.87
just,2008,731,441,290,7684071.87,25457033.23
just,2009,680,444,236,7624234.07,28629244.95
just,2010,567,376,191,6464986.12,23341802.76
just,2011,581,366,215,6119923.71,33136922.91
just,2012,369,222,147,3636288.41,24302175.17
just,2013,442,258,184,4400540.09,26123543.44
just,2014,314,174,140,3036750.96,18490063.52
just,2015,443,284,159,4953004.53,19659196.82
just,2016,378,214,164,3661510.33,24801028.82
just,2017,374,226,148,3818257.23,19969745.19
just,2018,460,230,230,3971055.86,51856642.79
just,2019,406,202,204,3387277.73,38306997.32
just,2020,190,94,96,1592003.42,14900321.85
lac,2012,77,66,11,1082272.08,1005904.22
lac,2013,246,155,91,2752886.28,11852686.69
lac,2014,190,124,66,2239108.61,9327215.90
lac,2015,151,91,60,1588222.15,9952802.59
lac,2016,139,84,55,1538716.55,11433026.09
lac,2017,148,83,65,1529826.57,8359084.28
lac,2018,170,102,68,1939194.46,17810793.23
lac,2019,105,72,33,1287706.84,8788013.44
lac,2020,46,22,24,412955.54,4065609.06
mgerc,2015,2,2,0,15220.35,0.00
mgerc,2016,25,21,4,236278.77,158430.23
mgerc,2017,16,10,6,171468.89,508403.54
mgerc,2018,15,13,2,252684.41,67631.58
mgerc,2019,13,8,5,130639.83,280679.10
mgerc,2020,9,6,3,94464.51,121784.75
mpcc,2016,18,13,5,263669.30,262567.03
mpcc,2017,22,16,6,269967.40,455126.48
mpcc,2018,24,19,5,307169.60,158222.60
mpcc,2019,21,16,5,271776.29,159237.60
mpcc,2020,22,18,4,266112.74,157488.61
nbc,2019,92,37,55,594522.25,5860700.30
nbc,2020,21,14,7,215422.00,1331194.00
nfb,2016,46,22,24,358883.66,2425092.84
nfb,2017,214,125,89,1913982.48,7150952.77
nfb,2018,139,80,59,1191533.33,4676862.73
nfb,2019,244,130,114,1995225.63,11495319.74
nfb,2020,101,59,42,855937.39,3018282.87
nrc,2009,2677,1850,827,30619817.00,131658686.00
nrc,2010,2528,1761,767,29201172.00,129835413.00
nrc,2011,2223,1570,653,26128792.00,220216418.00
nrc,2012,1843,1291,552,21478788.00,64901228.00
nrc,2013,2143,1478,665,24758757.00,103580277.00
nrc,2014,2045,1411,634,23563540.00,274708540.00
nrc,2015,2362,1601,761,26682301.00,114405823.00
nrc,2016,2464,1593,871,26508426.37,127878876.47
nrc,2017,2559,1714,845,28046396.14,164938626.79
nrc,2018,2531,1689,842,27844066.64,110462064.13
nrc,2019,2668,1671,997,27676260.66,118716030.13
nrc,2020,1571,888,683,14732788.20,116607346.69
nrcan,2011,2085,1330,755,23055223.55,96485974.09
nrcan,2012,1859,1263,596,21584086.13,131106900.16
nrcan,2013,1805,1211,594,20905956.57,143779187.88
nrcan,2014,1854,1299,555,23120284.42,84885001.40
nrcan,2015,1774,1165,609,20860376.78,105661045.29
nrcan,2016,1850,1209,641,21843704.90,85740337.59
nrcan,2017,1901,1268,633,22610644.67,95407656.83
nrcan,2018,1924,1327,597,24025330.89,81427302.36
nrcan,2019,1778,1105,673,18602360.71,81547213.00
nrcan,2020,901,457,444,6713753.91,63274471.83
nserc,2017,143,66,77,1277027.75,12547543.47
nserc,2018,142,79,63,1437106.42,11756858.40
nserc,2019,177,79,98,1438431.56,14563052.36
nserc,2020,74,31,43,578406.16,2530542.42
nsira,2019,13,9,4,136189.87,224650.80
nsira,2020,22,10,12,185999.72,815154.90
oag,2016,78,54,24,870188.27,3050002.05
oag,2017,174,102,72,1716579.48,5231810.78
oag,2018,193,135,58,2159871.61,4187310.65
oag,2019,226,124,102,2094875.02,11455003.58
oag,2020,108,42,66,670764.77,6872256.67
oci,2016,2,0,2,0.00,395025.70
oci,2017,3,2,1,36126.10,27873.71
oci,2018,6,3,3,40765.88,261292.61
oci,2019,4,3,1,50538.70,25802.69
oci,2020,2,2,0,37353.74,0.00
ocl,2017,17,7,10,140479.37,859199.44
ocl,2018,25,16,9,285552.18,993969.24
ocl,2019,19,12,7,201443.68,462743.55
ocl,2020,4,1,3,12366.72,169208.18
ocol,2016,22,14,8,284711.19,505673.62
ocol,2017,82,56,26,1102855.38,2279989.77
ocol,2018,49,31,18,596664.07,1980551.70
ocol,2019,43,19,24,350561.00,1808634.81
ocol,2020,25,8,17,137858.65,1990198.04
ocsec,2020,3,1,2,24814.80,185431.00
oic,2017,32,15,17,261459.39,2498497.25
oic,2018,51,23,28,465093.53,3594531.93
oic,2019,32,14,18,215205.18,2308236.14
oic,2020,20,10,10,170593.76,1092537.02
opc,2017,2,1,1,24144.75,88987.50
opc,2018,107,75,32,1438050.72,5618815.32
opc,2019,113,75,38,1387674.62,2455045.17
opc,2020,46,19,27,334060.16,1365223.28
osfi,2016,232,117,115,2005616.41,19576626.93
osfi,2017,235,167,68,3023255.91,8713240.40
osfi,2018,236,144,92,2696489.74,15266482.46
osfi,2019,289,175,114,3319297.99,9157148.16
osfi,2020,106,42,64,694597.01,9249034.38
osgg,2016,27,17,10,280642.46,980010.38
osgg,2017,36,17,19,281100.84,12936500.70
osgg,2018,65,41,24,609427.10,2241047.37
osgg,2019,47,28,19,430037.52,3334194.54
osgg,2020,26,11,15,148958.30,922804.94
oto,2008,6,6,0,103243.84,0.00
oto,2009,4,3,1,50195.79,60847.50
oto,2011,1,1,0,24860.00,0.00
oto,2013,3,3,0,46813.23,0.00
oto,2014,2,1,1,11775.83,100900.00
oto,2016,1,0,1,0.00,44215.20
pbc,2009,59,42,17,731996.00,968529.00
pbc,2010,74,46,28,835414.00,1203997.00
pbc,2011,93,64,29,1107321.00,1475568.00
pbc,2012,109,79,30,1351961.00,1262545.00
pbc,2013,88,73,15,1217765.00,724833.00
pbc,2014,72,58,14,966630.00,592451.00
pbc,2015,36,23,13,398030.46,501387.57
pbc,2016,7,5,2,61107.10,89801.10
pbc,2017,47,32,15,520122.79,732330.24
pbc,2018,40,36,4,716032.20,323553.83
pbc,2019,81,59,22,964550.14,1471430.99
pbc,2020,41,25,16,377545.15,1021213.51
pc,2004,1534,1007,527,16372673.65,57097205.21
pc,2005,1465,999,466,16006524.56,45236763.50
pc,2006,1865,1293,572,20572377.37,49617433.20
pc,2007,1644,1076,568,16826057.90,57503642.18
pc,2008,1941,1303,638,21028184.77,65162411.55
pc,2009,2235,1469,766,23445501.86,132455628.02
pc,2010,2249,1481,768,23826310.98,105556161.19
pc,2011,1861,1231,630,19762585.12,99409588.35
pc,2012,1590,1028,562,16161063.47,65579385.62
pc,2013,2228,1387,841,22867338.17,117534273.05
pc,2014,2469,1505,964,24459078.73,172374322.56
pc,2015,3161,1748,1413,28453840.44,384088926.71
pc,2016,2965,1635,1330,26290589.48,486702188.52
pc,2017,2926,1532,1394,24819565.55,473869019.29
pc,2018,2826,1531,1295,24636169.64,491879830.26
pc,2019,2591,1495,1096,24591541.14,451378794.26
pc,2020,1353,734,619,11724685.86,139224395.43
pch,2004,1043,759,284,13053460.56,27215992.94
pch,2005,933,653,280,11362015.88,24100207.85
pch,2006,911,627,284,10874852.38,21836181.48
pch,2007,868,562,306,9828766.04,39144028.26
pch,2008,667,407,260,6950399.76,37716551.70
pch,2009,540,328,212,5497636.48,30063574.66
pch,2010,351,218,133,3707152.72,13911845.27
pch,2011,261,138,123,2465465.14,16772837.38
pch,2012,154,88,66,1471412.84,10072004.00
pch,2013,205,120,85,2046898.26,11928349.70
pch,2014,348,206,142,3581764.33,23712921.36
pch,2015,322,198,124,3421689.10,15930776.67
pch,2016,451,263,188,4514711.79,25857181.38
pch,2017,492,290,202,5022709.78,22685739.97
pch,2018,245,148,97,2507729.86,14518370.11
pch,2019,369,221,148,3877500.21,13995834.91
pch,2020,217,92,125,1515206.54,11641079.73
pco,2004,428,298,130,5282794.55,8695468.38
pco,2005,480,318,162,5649110.82,12748316.14
pco,2006,336,215,121,3581347.33,10523939.16
pco,2007,287,185,102,3245663.77,10089026.18
pco,2008,292,187,105,3182948.17,8102498.42
pco,2009,312,208,104,3569827.34,9091089.65
pco,2010,293,188,105,3117778.94,17017639.25
pco,2011,246,149,97,2453789.89,15126897.52
pco,2012,156,106,50,1823248.90,4315845.15
pco,2013,200,127,73,2120818.80,14531775.75
pco,2014,130,84,46,1458023.00,7086242.13
pco,2015,158,103,55,1747363.16,4589940.13
pco,2016,256,155,101,2583065.78,20962086.60
pco,2017,331,211,120,3839339.72,35961981.07
pco,2018,358,210,148,3610620.51,30196977.28
pco,2019,330,148,182,2689364.35,23154600.76
pco,2020,141,47,94,766613.42,18817909.96
phac,2010,1525,957,568,16557327.37,52565011.89
phac,2011,2741,1732,1009,30131701.24,133589126.56
phac,2012,2124,1297,827,22132698.23,158577746.00
phac,2013,1950,1095,855,19167998.46,135690127.33
phac,2014,1958,1076,882,19058862.31,449360136.87
phac,2015,1660,972,688,17236173.01,137942707.18
phac,2016,1525,882,643,15646148.30,118291333.19
phac,2017,697,471,226,8573358.47,70427953.74
phac,2018,758,503,255,9129356.46,84106923.02
phac,2019,680,422,258,7612777.66,208210291.19
phac,2020,651,255,396,4508400.44,3670355909.17
pmprb,2016,14,6,8,96162.33,2251082.20
pmprb,2017,22,18,4,288972.49,1524574.81
pmprb,2018,25,17,8,307155.91,2233857.20
pmprb,2019,23,11,12,181997.20,3433794.32
pmprb,2020,15,10,5,163766.21,308815.18
polar,2019,9,6,3,96904.28,103769.25
polar,2020,9,5,4,86716.38,1079015.60
ppsc,2006,3,2,1,36335.74,38617.92
ppsc,2007,34,27,7,444657.45,474897.61
ppsc,2008,126,87,39,1460171.82,2368252.68
ppsc,2009,140,91,49,1568113.80,3392137.90
ppsc,2010,103,66,37,1194973.10,2769109.17
ppsc,2011,112,66,46,1121383.27,3718683.08
ppsc,2012,115,79,36,1352115.25,3116413.70
ppsc,2013,343,123,220,1825634.29,45870174.35
ppsc,2014,144,55,89,914363.64,15676324.69
ppsc,2015,95,40,55,708243.48,23168896.23
ppsc,2016,74,41,33,616779.59,4200401.97
ppsc,2017,101,45,56,770429.83,8374221.32
ppsc,2018,155,49,106,831487.98,23920711.99
ppsc,2019,111,40,71,650891.62,18112921.59
ppsc,2020,67,27,40,420943.62,4644268.00
pptc,2010,252,119,133,1971590.57,84441785.68
pptc,2011,304,113,191,2021787.12,172150683.30
pptc,2012,172,75,97,1343400.45,13713671.35
pptc,2013,219,79,140,1253601.57,48620949.54
pptc,2014,64,15,49,265717.56,10734057.25
ps,2004,429,301,128,5499856.29,10295317.39
ps,2005,317,211,106,3571022.93,8047471.24
ps,2006,396,219,177,3910090.07,16638861.66
ps,2007,390,214,176,3726766.77,18150928.23
ps,2008,338,210,128,3745654.99,15061102.03
ps,2009,402,214,188,3727881.95,23708965.11
ps,2010,381,200,181,3472586.85,29063608.09
ps,2011,385,230,155,4052245.02,23873032.11
ps,2012,313,171,142,2910864.70,27143322.73
ps,2013,271,137,134,2332157.62,24987682.83
ps,2014,273,122,151,2082062.15,29478680.33
ps,2015,291,130,161,2391588.60,27075589.48
ps,2016,260,138,122,2382982.40,10234279.25
ps,2017,206,100,106,1764421.88,13389623.47
ps,2018,243,118,125,2157352.71,17566463.45
ps,2019,190,95,95,1692404.31,14645826.29
ps,2020,91,40,51,702757.83,8233054.35
psc,2004,160,109,51,1985087.00,4197984.00
psc,2005,232,139,93,2398978.00,9479688.00
psc,2006,261,173,88,3254843.00,7749150.00
psc,2007,301,181,120,3556635.00,11505170.00
psc,2008,220,149,71,2812860.00,5887340.00
psc,2009,166,102,64,1825317.00,6830625.00
psc,2010,146,93,53,1631253.00,6475043.00
psc,2011,137,94,43,1763004.00,4301272.00
psc,2012,76,43,33,768058.00,2320173.00
psc,2013,22,18,4,325228.00,317627.00
psc,2014,20,11,9,230110.00,780853.00
psc,2015,67,53,14,882355.00,1571097.00
psc,2016,47,31,16,493355.25,4070480.88
psc,2017,61,48,13,783308.41,1892702.75
psc,2018,81,55,26,896634.15,3392196.34
psc,2019,65,48,17,745120.48,6325838.66
psc,2020,35,24,11,376026.04,2013510.71
psic,2016,14,10,4,201456.27,271598.83
psic,2017,18,14,4,243316.39,443207.45
psic,2018,9,4,5,65604.95,1238833.20
psic,2019,19,11,8,197783.98,675162.11
psic,2020,14,7,7,105071.99,1519728.14
pspc,2004,6888,3200,3688,55690457.78,2794023901.40
pspc,2005,6495,2913,3582,49808431.72,825487319.74
pspc,2006,6023,3115,2908,53385873.83,605202955.93
pspc,2007,6857,3596,3261,61692652.70,701410316.63
pspc,2008,9767,4763,5004,81404955.10,1301292692.89
pspc,2009,8633,4387,4246,74766991.53,2014863427.00
pspc,2010,8770,4479,4291,76638448.70,5207180060.54
pspc,2011,7244,3839,3405,66174424.61,4348169452.26
pspc,2012,5915,3164,2751,54193470.55,3642015744.15
pspc,2013,5229,2844,2385,48232971.28,1670211882.33
pspc,2014,4998,2594,2404,44025766.57,2125305171.43
pspc,2015,4685,2324,2361,38532425.08,10774527366.03
pspc,2016,5335,2545,2790,42161984.09,3135772512.48
pspc,2017,5667,2682,2985,44474841.08,2513262613.94
pspc,2018,5628,2876,2752,47756283.24,2767143157.08
pspc,2019,5494,2566,2928,42909097.95,1990060027.57
pspc,2020,3436,1525,1911,25069146.96,14723835352.32
rcmp,2004,3455,2229,1226,35290162.13,222964676.38
rcmp,2005,3666,2298,1368,37064861.98,248504794.83
rcmp,2006,3888,2276,1612,37468512.78,272482429.27
rcmp,2007,3863,2242,1621,36941988.91,283368659.10
rcmp,2008,4206,2376,1830,40150478.11,435475678.30
rcmp,2009,3311,1776,1535,29887699.54,606048145.96
rcmp,2010,3145,1780,1365,30251334.66,301173011.62
rcmp,2011,3010,1635,1375,27238128.68,303159025.47
rcmp,2012,2645,1338,1307,22752542.14,364350028.32
rcmp,2013,2766,1429,1337,23883713.60,315265284.40
rcmp,2014,2697,1386,1311,23116862.25,349111249.43
rcmp,2015,2971,1450,1521,24388604.60,368238188.26
rcmp,2016,3078,1560,1518,25836926.68,424266180.43
rcmp,2017,3264,1503,1761,25081163.23,550719206.50
rcmp,2018,3159,1473,1686,24931752.11,542785952.83
rcmp,2019,2911,1344,1567,22571488.85,480814224.61
rcmp,2020,1715,796,919,13301886.60,258293199.56
sirc,2015,2,0,2,0.00,100000.00
sirc,2016,10,1,9,24750.00,840973.94
sirc,2017,21,12,9,192622.38,1700762.88
sirc,2018,18,14,4,229085.46,196592.78
sirc,2019,7,1,6,23000.00,396373.00
ssc,2011,10,3,7,39593.00,11620205.00
ssc,2012,1860,655,1205,11369489.85,286566313.17
ssc,2013,2473,648,1825,11170781.32,3525109210.06
ssc,2014,1395,413,982,6938057.50,2470964515.05
ssc,2015,545,151,394,2504371.55,280894406.47
ssc,2016,1761,444,1317,7505524.33,3418115551.21
ssc,2017,2133,603,1530,10113402.51,2361236331.24
ssc,2018,1747,590,1157,10146638.72,759711664.53
ssc,2019,1824,548,1276,9382999.48,1851717210.94
ssc,2020,884,273,611,4589796.56,467343302.44
sshrc,2017,34,15,19,276905.65,2081369.90
sshrc,2018,33,24,9,528814.73,854025.06
sshrc,2019,44,8,36,163890.81,1960560.90
sshrc,2020,18,7,11,128020.10,477196.35
stats,2004,583,337,246,5751050.71,36637846.77
stats,2005,883,547,336,9222505.28,40993249.77
stats,2006,647,396,251,6675322.19,25935018.65
stats,2007,484,306,178,5143206.41,24266814.77
stats,2008,439,249,190,4305382.34,32846907.05
stats,2009,620,344,276,6037787.14,75857645.46
stats,2010,632,353,279,6036305.26,52283556.62
stats,2011,463,225,238,3808589.67,106743733.60
stats,2012,241,110,131,1792578.51,23964442.78
stats,2013,399,194,205,3337296.37,33909205.79
stats,2014,284,144,140,2322871.80,39240838.52
stats,2015,395,219,176,3726929.16,50262699.97
stats,2016,305,162,143,2875755.50,52735095.60
stats,2017,245,119,126,2074484.26,24931403.58
stats,2018,171,99,72,1780362.80,14932527.20
stats,2019,245,95,150,1622266.36,38809590.27
stats,2020,176,65,111,1087691.05,68208666.55
swc,2016,15,10,5,171003.70,318483.36
swc,2017,80,56,24,921293.31,1139440.31
swc,2018,15,5,10,116414.76,685462.09
tbs,2004,545,340,205,5986510.22,16805589.54
tbs,2005,540,320,220,5984365.72,21465818.88
tbs,2006,704,444,260,8172316.80,44341074.30
tbs,2007,632,418,214,7869031.50,17382565.10
tbs,2008,469,295,174,5549172.46,18424260.93
tbs,2009,482,264,218,4571676.55,35330838.59
tbs,2010,354,161,193,2885317.47,39905234.95
tbs,2011,343,154,189,2838066.45,407175210.26
tbs,2012,194,101,93,1903463.81,38652721.40
tbs,2013,185,94,91,1777864.30,43308782.61
tbs,2014,167,72,95,1357411.31,29204619.91
tbs,2015,175,89,86,1773616.46,48202080.21
tbs,2016,186,82,104,1618937.51,45368933.98
tbs,2017,211,110,101,2291588.95,26349467.58
tbs,2018,283,155,128,3141013.59,107739017.72
tbs,2019,296,128,168,2460037.36,69530121.46
tbs,2020,117,34,83,577361.61,23455950.11
tc,2011,1489,775,714,13288884.30,158571976.53
tc,2012,965,538,427,9229842.28,82510575.97
tc,2013,1349,793,556,13816541.23,107810384.54
tc,2014,1414,856,558,15176377.89,108395393.45
tc,2015,1099,606,493,10434281.26,94283432.08
tc,2016,907,495,412,8603633.71,70053995.89
tc,2017,1330,766,564,13795851.68,110875236.27
tc,2018,1374,810,564,14090825.55,181050008.22
tc,2019,1561,876,685,15147258.60,122796817.56
tc,2020,1048,493,555,8269052.38,78654918.92
tsb,2016,3,2,1,24888.68,45586.50
tsb,2017,61,41,20,726735.24,1130283.83
tsb,2018,79,41,38,741847.22,1978630.31
tsb,2019,48,26,22,383752.24,1396246.08
tsb,2020,38,16,22,260875.51,1512544.86
vac,2010,115,70,45,1177962.88,12179050.73
vac,2011,315,186,129,3323796.03,18953016.37
vac,2012,314,200,114,3312022.99,16084611.66
vac,2013,321,185,136,2947605.83,184892079.32
vac,2014,340,211,129,3520890.63,55883929.80
vac,2015,392,272,120,4531866.54,14675128.83
vac,2016,131,86,45,1600316.20,23812344.77
vac,2017,138,77,61,1399484.26,52349311.67
vac,2018,293,163,130,2869059.75,135113536.83
vac,2019,330,210,120,3632197.69,126613706.55
vac,2020,179,82,97,1426286.20,64346782.47
vrab,2011,9,9,0,143566.00,0.00
vrab,2012,6,5,1,66202.00,26798.00
vrab,2013,2,0,2,0.00,120257.00
vrab,2015,8,7,1,109206.00,68457.00
vrab,2016,2,1,1,13125.00,44161.00
vrab,2018,5,4,1,64580.63,50715.00
vrab,2019,9,6,3,87555.63,105913.69
vrab,2020,7,6,1,118570.96,89613.75
wage,2018,40,23,17,471229.14,1384546.40
wage,2019,110,50,60,884316.46,5626288.26
wage,2020,76,25,51,447973.20,5015575.16
wd,2018,46,27,19,441899.40,1331569.28
wd,2019,57,37,20,636437.29,1762309.35
wd,2020,23,17,6,279055.06,208561.80
