owner_acronym,source_year,total_entries,original_contract_entries,amendment_entries,most_recent_entries,original_entries_sum,most_recent_entries_sum
acoa,2003,1,1,0,1,39675.00,39675.00
acoa,2004,321,317,4,317,8779283.38,8765335.38
acoa,2005,238,238,0,238,7150168.19,7150168.19
acoa,2006,240,240,0,240,6656030.49,6656030.49
acoa,2007,172,172,0,164,5521247.24,5161781.46
acoa,2008,177,159,18,160,5626331.34,5939524.50
acoa,2009,218,191,27,179,6507600.45,5573874.97
acoa,2010,186,157,29,167,4393881.99,4397184.33
acoa,2011,92,81,11,85,2685926.59,4995627.62
acoa,2012,78,70,8,72,2371069.41,2534058.13
acoa,2013,101,92,9,91,3443950.10,3920525.96
acoa,2014,73,67,6,67,1940056.02,2217903.72
acoa,2015,57,52,5,54,2072288.95,2196525.87
acoa,2016,84,78,6,77,4159289.82,3900814.87
acoa,2017,78,73,5,74,2306039.69,2976413.79
acoa,2018,69,66,3,62,2019731.57,2014547.68
acoa,2019,106,96,10,96,3774512.60,3937775.65
acoa,2020,45,35,10,41,1704767.78,2192011.77
agr,2013,2587,2336,251,2151,161718533.79,123922577.17
agr,2014,2345,1951,394,1918,99060993.09,126591839.95
agr,2015,2694,2209,485,2220,126292689.74,146449854.45
agr,2016,2416,2038,378,2069,139943291.34,126408053.90
agr,2017,2098,1776,322,1776,96633258.25,117061676.90
agr,2018,2038,1732,306,1762,112761370.18,159169125.57
agr,2019,1981,1728,253,1746,104962878.54,139035583.56
agr,2020,1085,879,206,1004,65574544.45,160417861.37
atssc,2016,56,53,3,43,4268963.66,2336621.24
atssc,2017,142,118,24,106,9265498.27,11566486.44
atssc,2018,157,115,42,100,7990435.88,8134166.89
atssc,2019,150,78,72,96,6699976.64,9275642.13
atssc,2020,99,56,43,75,5199425.90,12772630.18
cannor,2016,9,8,1,8,283999.00,298999.00
cannor,2017,14,14,0,13,517015.21,391811.21
cannor,2018,20,19,1,20,780852.40,1019056.40
cannor,2019,22,22,0,22,783574.94,783574.94
cannor,2020,11,9,2,9,237045.35,243777.45
cas,2016,23,23,0,21,935728.83,655049.71
cas,2017,137,133,4,127,12082022.24,11549209.08
cas,2018,443,404,39,392,33605572.81,33628347.69
cas,2019,275,232,43,235,18804475.99,21479866.18
cas,2020,88,70,18,84,5764715.82,9834813.90
casdo,2019,5,5,0,5,180274.56,180274.56
casdo,2020,7,6,1,6,230565.44,250565.44
cbsa,2014,753,753,0,675,116646364.33,91756536.27
cbsa,2015,795,765,30,649,233662842.61,96845853.27
cbsa,2016,794,595,199,548,239822183.98,220336541.12
cbsa,2017,1113,797,316,728,353752806.29,223109736.57
cbsa,2018,1055,736,319,809,236535573.10,404588967.70
cbsa,2019,1228,979,249,1081,324748764.50,653463528.39
cbsa,2020,650,517,133,614,137062853.95,344063151.56
cc,2008,48,48,0,48,1436845.00,1436845.00
cc,2009,49,49,0,49,1362099.47,1362099.47
cc,2010,62,62,0,62,3122142.54,3122142.54
cc,2011,40,40,0,40,1748832.73,1748832.73
cc,2012,52,52,0,52,3452887.78,3452887.78
cc,2013,57,57,0,57,4127706.65,4127706.65
cc,2014,54,54,0,54,2242615.69,2242615.69
cc,2015,52,52,0,52,1895120.22,1895120.22
cc,2016,67,67,0,67,6246892.05,6246892.05
cc,2017,42,42,0,42,3927388.00,3927388.00
ccohs,2016,5,4,1,4,108414.05,112577.45
ccohs,2017,23,19,4,17,673397.10,487215.43
ccohs,2018,20,18,2,19,673932.33,713930.49
ccohs,2019,21,20,1,21,527447.80,613664.44
ccohs,2020,14,14,0,14,317397.31,317397.31
ced,2004,114,114,0,114,6870524.00,6870524.00
ced,2005,135,135,0,135,5039169.00,5039169.00
ced,2006,154,154,0,154,4013091.69,4013091.69
ced,2007,118,118,0,118,4131356.72,4131356.72
ced,2008,161,160,1,160,4055338.26,4056657.59
ced,2009,147,146,1,146,4329145.13,4307115.13
ced,2010,150,137,13,131,4857735.98,4461564.74
ced,2011,109,99,10,99,3566322.48,3519705.34
ced,2012,74,70,4,66,4219880.55,2723902.92
ced,2013,80,69,11,72,2177323.58,2683664.04
ced,2014,59,51,8,44,2409740.67,1876846.25
ced,2015,59,46,13,50,2470768.65,4458867.36
ced,2016,81,68,13,71,2750017.14,3005056.47
ced,2017,61,53,8,54,2430931.37,3194738.69
ced,2018,45,39,6,40,1512497.96,1633740.25
ced,2019,55,51,4,51,2245922.46,2443744.62
ced,2020,39,34,5,37,2090769.37,3038165.80
cer,2015,76,69,7,65,6555478.21,6463177.71
cer,2016,229,207,22,189,27057402.53,23072506.10
cer,2017,216,174,42,171,35695262.77,36905662.77
cer,2018,206,164,42,161,18722606.10,21645886.73
cer,2019,159,115,44,132,11025747.59,19192128.87
cer,2020,112,90,22,101,9678840.77,23254517.53
cfia,2011,500,488,12,465,40309011.95,38937412.50
cfia,2012,912,831,81,797,55200926.00,51457614.00
cfia,2013,965,852,113,808,98875090.36,73725091.95
cfia,2014,772,600,172,576,51928893.68,42851582.15
cfia,2015,738,530,208,529,52030764.88,63024786.03
cfia,2016,1121,827,294,840,79563748.65,78398030.19
cfia,2017,643,448,195,473,50207410.36,108898621.39
cfia,2018,616,460,156,460,50773905.75,77602050.13
cfia,2019,543,369,174,397,30719422.54,45282449.75
cfia,2020,301,194,107,249,20591499.47,52679540.29
cgc,2016,43,43,0,41,1444093.71,1347579.02
cgc,2017,124,122,2,118,7722020.19,6406451.40
cgc,2018,129,124,5,123,3895508.77,4710249.32
cgc,2019,130,121,9,123,5105616.03,5515853.74
cgc,2020,65,59,6,64,2766320.09,3694767.52
chrc,2017,29,29,0,24,2056459.63,1557267.46
chrc,2018,60,55,5,57,1809988.76,2253244.80
chrc,2019,101,85,16,85,3663728.56,3980646.62
chrc,2020,71,65,6,68,2322196.74,2530374.43
cics,2017,6,6,0,6,120519.08,120519.08
cics,2018,31,31,0,31,655543.21,655543.21
cics,2019,34,32,2,32,593340.43,594236.94
cics,2020,4,4,0,4,71480.19,71480.19
cihr,2015,65,64,1,56,4728336.72,4007009.27
cihr,2016,205,184,21,165,12064805.09,8910314.64
cihr,2017,146,113,33,120,7247705.97,12439701.97
cihr,2018,142,119,23,127,7090392.03,9171982.53
cihr,2019,243,215,28,221,6150048.03,7668851.91
cihr,2020,59,55,4,59,2660901.57,3324638.54
cnsc,2004,291,291,0,291,8867577.00,8867577.00
cnsc,2005,317,317,0,317,10070509.92,10070509.92
cnsc,2006,327,327,0,327,10730054.34,10730054.34
cnsc,2007,362,361,1,361,13383817.09,13383933.49
cnsc,2008,387,386,1,385,16827063.89,16715396.39
cnsc,2009,465,465,0,452,17254816.22,16354223.34
cnsc,2010,487,440,47,427,18702410.22,19718003.99
cnsc,2011,287,244,43,253,12006720.41,11938427.33
cnsc,2012,330,298,32,286,13710079.12,11753477.14
cnsc,2013,305,250,55,240,12014063.72,9563683.52
cnsc,2014,277,224,53,214,14014209.52,9308120.70
cnsc,2015,207,158,49,168,9121851.63,8948507.88
cnsc,2016,237,179,58,166,12345334.93,11002024.19
cnsc,2017,244,160,84,175,10869116.25,16344226.76
cnsc,2018,213,151,62,174,13575291.66,20838400.59
cnsc,2019,195,173,22,180,13141464.42,17101628.75
cnsc,2020,122,109,13,117,12623154.94,14618771.98
cpc,2016,15,15,0,11,907566.74,623688.21
cpc,2017,50,46,4,45,1983795.78,1578069.90
cpc,2018,43,37,6,37,1240423.24,1756074.56
cpc,2019,42,34,8,39,1197930.97,1773125.61
cpc,2020,13,13,0,13,552929.69,552929.69
cra,2001,6,6,0,2,1176334.85,62303.85
cra,2002,9,7,2,7,27510934.28,28021441.80
cra,2003,23,17,6,7,107811133.58,86038279.84
cra,2004,2751,2713,38,2695,272019620.69,262993709.42
cra,2005,2637,2520,117,2430,291243336.32,233013438.58
cra,2006,2889,2654,235,2537,520544075.19,479672678.47
cra,2007,3034,2528,506,2345,390196558.90,253886819.93
cra,2008,2643,2119,524,1942,288215357.16,247727580.90
cra,2009,2346,1744,602,1789,146264214.29,231670973.17
cra,2010,2743,1843,900,1898,340616400.90,334394075.57
cra,2011,2846,1801,1045,2268,370457849.67,908376842.36
cra,2012,1574,1125,449,1089,144868618.79,111949840.14
cra,2013,1207,923,284,853,99584159.28,88440978.17
cra,2014,1023,855,168,753,80246494.76,63791103.98
cra,2015,532,501,31,381,54789582.65,29956456.63
cra,2016,1456,936,520,739,130986361.78,164802355.09
cra,2017,1428,684,744,846,96352135.54,140301591.65
cra,2018,1142,590,552,664,97830928.44,178439646.75
cra,2019,1178,609,569,641,89092527.13,196441608.35
cra,2020,755,391,364,569,83304026.30,259737665.40
crtc,2016,26,26,0,24,3323846.77,776903.78
crtc,2017,139,137,2,135,10558819.23,11421043.71
crtc,2018,128,120,8,119,16153170.26,16124544.71
crtc,2019,104,99,5,99,7968181.05,7937729.95
crtc,2020,63,58,5,63,7315689.71,9583893.26
csa,2008,571,571,0,570,216462548.15,207432549.20
csa,2009,554,554,0,553,129997064.66,129334398.11
csa,2010,481,481,0,480,85129339.99,84869578.53
csa,2011,414,414,0,413,51643820.57,50803894.59
csa,2012,332,332,0,329,799028750.44,56527461.19
csa,2013,312,312,0,307,115206229.09,21536900.39
csa,2014,355,355,0,343,68750576.67,61448455.09
csa,2015,323,323,0,268,71731399.14,28670911.24
csa,2016,410,358,52,304,237601167.45,38894893.46
csa,2017,479,323,156,350,506731373.18,70423081.51
csa,2018,334,211,123,225,25660193.59,561951688.80
csa,2019,430,317,113,346,95970919.59,127158532.38
csa,2020,253,177,76,238,289447167.44,1692811081.26
csc,2006,2,1,1,1,2075000.00,2075000.00
csc,2007,1,1,0,1,344587.00,344587.00
csc,2008,16,11,5,11,11708350.00,11905238.00
csc,2009,85,56,29,56,88092823.00,88926562.00
csc,2010,139,94,45,94,77319568.00,81549018.00
csc,2011,262,168,94,163,141921732.00,141451324.00
csc,2012,389,240,149,242,147966665.00,158096810.00
csc,2013,1427,1252,175,1251,164306173.00,173670035.00
csc,2014,3200,2834,366,2831,259719412.00,294300855.00
csc,2015,3447,3254,193,3222,215181050.00,219451321.00
csc,2016,4066,3599,467,3075,585480811.68,297098730.35
csc,2017,4536,3680,856,3541,378907970.56,418204619.46
csc,2018,4753,3588,1165,3691,340938470.29,539022683.71
csc,2019,4284,3334,950,3547,274348467.46,556702615.41
csc,2020,2833,2168,665,2554,180016787.00,691681197.90
csps,2012,104,103,1,101,5498537.86,3654802.03
csps,2013,162,157,5,154,7729241.72,7647664.22
csps,2014,159,153,6,152,8563208.36,7962363.84
csps,2015,116,110,6,104,11892171.56,11687793.11
csps,2016,105,95,10,93,4230348.54,9671117.16
csps,2017,80,66,14,61,2743590.13,2424273.26
csps,2018,154,131,23,133,6708627.45,8595069.43
csps,2019,123,98,25,105,5004320.67,8899926.82
csps,2020,78,64,14,73,2993547.82,5114064.82
cta,2015,22,22,0,18,1926156.43,855006.08
cta,2016,54,37,17,26,1763923.31,2213706.07
cta,2017,80,55,25,45,2221973.80,2158618.85
cta,2018,101,62,39,73,2448923.29,2940599.44
cta,2019,64,43,21,52,2293826.30,4186353.11
cta,2020,36,32,4,35,1735885.51,2080458.83
dfo,2010,7101,5896,1205,5314,599894315.26,479429528.66
dfo,2011,6675,5031,1644,5019,362983896.66,402621175.83
dfo,2012,6315,4810,1505,4857,311013096.40,375193721.90
dfo,2013,5741,4427,1314,4517,296341808.31,348207294.10
dfo,2014,5896,4633,1263,4510,639849241.14,553525571.19
dfo,2015,4644,3516,1128,3632,882519316.12,516179684.32
dfo,2016,7721,6231,1490,6066,697301045.33,575739119.51
dfo,2017,7089,5830,1259,5734,744127770.06,614227107.41
dfo,2018,6711,5419,1292,5370,1244266713.54,620779897.76
dfo,2019,7120,5615,1505,5625,614600095.39,1155424590.83
dfo,2020,4800,3832,968,4263,470745867.68,1501267413.23
dnd,1999,2,2,0,0,60657.00,0.00
dnd,2002,4,4,0,2,6500813.93,59800.00
dnd,2003,186,186,0,186,38833585.90,38833585.90
dnd,2004,8830,8816,14,8737,7796834781.96,1809907515.59
dnd,2005,7185,7086,99,6946,4818947008.49,1832477109.81
dnd,2006,4431,4280,151,4230,1070119636.79,913190754.28
dnd,2007,8620,8580,40,8164,4621659008.35,3193217838.94
dnd,2008,13293,12561,732,11726,8586064451.82,3144407341.77
dnd,2009,15419,13448,1971,13450,5612754899.29,2587963973.47
dnd,2010,17616,15499,2117,15412,4217162703.70,7499952506.28
dnd,2011,24042,22020,2022,22314,8245028822.99,8218954143.24
dnd,2012,15658,14027,1631,14198,4982537724.45,3276747443.20
dnd,2013,16081,14985,1096,15125,4592093668.28,5364992801.61
dnd,2014,18369,17383,986,17554,6784439969.19,6481003994.37
dnd,2015,18289,17267,1022,17360,5866655562.58,5419158453.19
dnd,2016,11388,10394,994,10665,3871416776.34,4283703963.72
dnd,2017,14551,13227,1324,13058,3634756062.22,4324230158.34
dnd,2018,20393,18362,2031,18079,4986010080.21,12982168709.47
dnd,2019,16822,15083,1739,15198,9804384626.95,10458543047.45
dnd,2020,9403,8385,1018,9027,5532097017.47,11247762165.60
ec,2004,3049,3046,3,3046,104300508.91,104300631.02
ec,2005,2735,2731,4,2711,113019916.40,110376990.45
ec,2006,2652,2650,2,2599,112403617.03,106675657.16
ec,2007,2970,2967,3,2909,109780611.30,104528093.48
ec,2008,3707,3705,2,3546,132377115.95,118672208.86
ec,2009,4249,3897,352,3707,158106355.39,145287303.89
ec,2010,4200,3559,641,3626,139105531.03,160151922.65
ec,2011,3960,3460,500,3469,128261376.37,157327720.64
ec,2012,3868,3335,533,3345,132362432.79,156354353.65
ec,2013,4133,3506,627,3558,123936507.43,164666047.96
ec,2014,3706,3111,595,3387,125496867.71,201660542.96
ec,2015,2710,2592,118,2485,139101720.00,119325122.91
ec,2016,2592,2468,124,2460,194499299.86,209603070.74
ec,2017,1908,1782,126,1772,94221449.36,91628127.95
ec,2018,1267,1160,107,1143,151876380.59,82383280.66
ec,2019,2412,2182,230,2188,122136743.80,136164518.47
ec,2020,1692,1476,216,1596,81979558.09,240179764.47
elections,2016,131,129,2,96,31725155.44,10867217.79
elections,2017,289,231,58,224,194489396.42,199003461.29
elections,2018,484,407,77,403,87446981.74,92050666.17
elections,2019,434,337,97,354,126564709.50,135906879.32
elections,2020,259,220,39,247,28680651.11,136843951.65
esdc,2003,1,1,0,1,596248.26,596248.26
esdc,2004,1820,1819,1,1819,106159839.93,106159839.93
esdc,2005,2064,2061,3,2060,295412635.62,295461629.27
esdc,2006,1666,1664,2,1665,397186500.99,397240705.04
esdc,2007,1721,1721,0,1721,193330826.96,193330826.96
esdc,2008,1348,1348,0,1348,145758003.34,145758003.34
esdc,2009,2201,2201,0,2201,585126049.13,585126049.13
esdc,2010,1894,1894,0,1894,910461758.65,910461758.65
esdc,2011,1752,1752,0,1752,864970928.00,864970928.00
esdc,2012,1244,1244,0,1243,366028709.23,365510717.23
esdc,2013,1136,1136,0,1133,332113899.48,265126594.48
esdc,2014,1131,1131,0,1120,753954382.78,727159445.15
esdc,2015,1120,1120,0,1057,236959275.26,206900335.87
esdc,2016,1331,1169,162,1028,2402335829.00,1668619488.27
esdc,2017,1482,927,555,820,124309331.85,111311968.76
esdc,2018,1650,889,761,904,117021629.60,1057259636.31
esdc,2019,2028,1235,793,1275,174066395.26,384000157.04
esdc,2020,1555,858,697,1129,189306638.44,619154494.53
fcac,2004,32,31,1,31,998130.00,1027430.00
fcac,2005,30,30,0,30,714627.00,714627.00
fcac,2006,34,34,0,34,1298575.20,1298575.20
fcac,2007,48,48,0,48,1437474.00,1437474.00
fcac,2008,43,42,1,40,1781907.00,1716002.00
fcac,2009,74,62,12,63,3020096.75,3237979.75
fcac,2010,88,77,11,75,3187756.00,3353863.00
fcac,2011,83,72,11,72,2075545.36,2279235.36
fcac,2012,71,62,9,63,6851941.60,4778558.60
fcac,2013,43,39,4,40,1013709.99,1081734.99
fcac,2014,66,66,0,62,2716719.00,2542227.00
fcac,2015,59,52,7,52,2859900.98,2845631.98
fcac,2016,55,51,4,49,1987642.83,2003422.15
fcac,2017,90,82,8,83,4545307.90,4453231.86
fcac,2018,96,81,15,83,5750962.66,8849068.73
fcac,2019,98,90,8,87,8919044.52,7687936.76
fcac,2020,39,31,8,38,4990940.35,9129399.62
feddev,2009,74,60,14,57,2943293.08,2884809.73
feddev,2010,261,135,126,127,4443069.02,4592955.33
feddev,2011,162,77,85,81,2556864.43,2739527.57
feddev,2012,135,77,58,79,2554465.41,2410908.26
feddev,2013,72,42,30,44,1720649.55,1871755.46
feddev,2014,94,51,43,47,3734259.54,2688346.97
feddev,2015,68,39,29,40,1121293.26,1135131.70
feddev,2016,51,32,19,34,942571.63,1041083.23
feddev,2017,34,28,6,28,789014.46,5067425.33
feddev,2018,44,39,5,37,1250774.30,1228544.38
feddev,2019,57,52,5,53,2585399.53,3242620.43
feddev,2020,21,17,4,19,965583.32,1161347.08
fin,2004,267,245,22,262,11970829.82,12835567.31
fin,2005,365,365,0,363,22117805.55,22050196.15
fin,2006,365,365,0,364,17910615.77,17412296.24
fin,2007,382,380,2,380,17705384.62,17569207.19
fin,2008,267,267,0,255,29565849.12,29217456.77
fin,2009,263,224,39,212,23889101.64,24949102.12
fin,2010,203,167,36,156,16409786.50,18758962.85
fin,2011,219,179,40,173,23049484.70,22089027.90
fin,2012,166,111,55,128,18870063.17,32953473.35
fin,2013,143,102,41,104,16616062.16,18761825.49
fin,2014,165,126,39,128,17207285.77,13118469.70
fin,2015,120,82,38,90,5920264.05,21542099.22
fin,2016,176,128,48,119,7968186.88,11339854.35
fin,2017,161,110,51,118,6816379.75,9811097.91
fin,2018,137,107,30,98,6994724.69,7917564.99
fin,2019,150,113,37,128,5336422.18,12798030.34
fin,2020,90,70,20,78,8660104.21,33728888.94
fintrac,2004,40,40,0,40,1714688.63,1714688.63
fintrac,2005,61,61,0,61,1559164.00,1559164.00
fintrac,2006,81,81,0,81,2249896.32,2249896.32
fintrac,2007,127,127,0,127,3455732.15,3455732.15
fintrac,2008,63,63,0,63,3637817.24,3637817.24
fintrac,2009,65,65,0,65,2218373.32,2218373.32
fintrac,2010,75,75,0,75,2245112.45,2245112.45
fintrac,2011,90,90,0,90,3650567.46,3650567.46
fintrac,2012,70,70,0,70,3104813.60,3104813.60
fintrac,2013,24,24,0,24,1061742.40,1061742.40
fintrac,2014,18,18,0,18,1443717.05,1443717.05
fintrac,2015,17,17,0,17,753913.47,753913.47
fintrac,2016,31,30,1,30,1208157.98,1227218.62
fintrac,2017,36,35,1,35,1808573.95,1822909.86
fintrac,2018,55,52,3,50,3010635.04,2961982.89
fintrac,2019,38,32,6,34,2214192.71,2302100.71
fintrac,2020,22,22,0,22,1407200.78,1407200.78
fja,2007,21,21,0,21,467679.21,467679.21
fja,2008,47,47,0,46,1013942.96,928942.96
fja,2009,68,62,6,61,2133867.30,2188376.70
fja,2010,81,77,4,72,2086344.55,1883256.57
fja,2011,130,115,15,110,3515053.71,3594357.33
fja,2012,110,94,16,92,2506971.46,2700278.02
fja,2013,113,94,19,101,2775341.01,3466471.01
fja,2014,98,83,15,84,2690583.90,2722541.45
fja,2015,91,84,7,85,2988389.85,2873163.75
fja,2016,81,77,4,76,2049116.64,1880050.83
fja,2017,101,85,16,90,3344894.89,4870102.78
fja,2018,72,69,3,70,2547082.11,2589641.07
fja,2019,75,74,1,63,1586801.32,1367745.17
fja,2020,83,65,18,76,2032449.07,2483747.34
fpcc,2016,1,1,0,1,60000.00,60000.00
fpcc,2017,2,2,0,2,67928.38,67928.38
fpcc,2018,6,6,0,5,94832.50,81632.50
fpcc,2019,2,1,1,2,21600.00,48000.00
fpcc,2020,15,13,2,13,755609.55,765802.15
gac,2004,1858,1790,68,1780,102276609.55,101908565.75
gac,2005,2096,2040,56,2038,156654830.90,154340434.81
gac,2006,3448,3355,93,3343,206134487.88,202858691.06
gac,2007,3151,3061,90,3053,154371535.70,153017030.56
gac,2008,2431,2353,78,2331,158083260.75,129246529.30
gac,2009,2631,2426,205,2378,160672782.10,142175370.57
gac,2010,3358,3072,286,3036,228116363.32,210448475.70
gac,2011,3033,2766,267,2726,181365588.40,201288157.21
gac,2012,2739,2403,336,2322,242096707.52,247471299.67
gac,2013,3006,2557,449,2538,334541168.45,335411185.15
gac,2014,3238,2784,454,2732,226537790.24,235907212.51
gac,2015,3227,2683,544,2717,250970804.02,277942409.43
gac,2016,3072,2638,434,2646,198693412.01,240694299.88
gac,2017,4143,3599,544,3557,397633075.15,416636293.33
gac,2018,4474,3781,693,3834,294859273.06,454379507.41
gac,2019,4285,3670,615,3651,310559100.49,320950194.82
gac,2020,2574,2080,494,2368,172476743.15,321120256.91
hc,2010,1681,1527,154,1428,69179404.26,61648792.65
hc,2011,3236,2740,496,2656,163696532.80,145250200.79
hc,2012,2947,2127,820,2130,180766461.24,169586893.64
hc,2013,2691,1953,738,1918,154940275.79,170859401.37
hc,2014,2547,1958,589,1900,468418999.18,321335206.89
hc,2015,2183,1660,523,1683,155178880.19,165084509.60
hc,2016,2146,1678,468,1711,168899618.01,210142448.26
hc,2017,1792,1443,349,1494,131185986.16,408104817.75
hc,2018,1711,1422,289,1409,106229866.81,135383444.19
hc,2019,1418,1159,259,1235,114801578.49,206628435.98
hc,2020,987,821,166,909,148473220.23,282705487.19
iaac,2004,59,59,0,59,1227285.31,1227285.31
iaac,2005,57,57,0,57,1397817.32,1397817.32
iaac,2006,28,28,0,28,729541.20,729541.20
iaac,2007,52,52,0,51,1554464.45,1524494.45
iaac,2008,88,88,0,79,2755682.96,2417549.45
iaac,2009,85,69,16,71,1989210.76,2409786.64
iaac,2010,43,34,9,38,1196675.14,1741876.44
iaac,2011,33,32,1,31,742451.61,645451.61
iaac,2012,51,48,3,47,1076958.94,966418.77
iaac,2013,69,52,17,54,2415363.30,2637693.55
iaac,2014,24,18,6,22,712503.72,1383016.22
iaac,2015,8,7,1,6,325776.82,125776.82
iaac,2016,62,55,7,54,2326984.70,2747111.84
iaac,2017,24,23,1,23,986502.84,986502.84
iaac,2018,73,70,3,61,3641217.15,2818064.24
iaac,2019,85,69,16,73,2867807.30,3548661.50
iaac,2020,55,44,11,51,2680800.59,3739709.69
ic,2004,2313,2313,0,2313,83062189.00,83062189.00
ic,2005,2331,2331,0,2328,84735240.00,84111382.00
ic,2006,2000,2000,0,1998,78688783.00,78637386.00
ic,2007,1753,1753,0,1742,72750771.00,71824343.00
ic,2008,1687,1687,0,1660,81048003.00,75370114.00
ic,2009,1605,1565,40,1543,71577353.00,69943163.00
ic,2010,1506,1380,126,1335,78930595.00,74898069.00
ic,2011,1450,1261,189,1277,62624485.00,76930645.00
ic,2012,1247,1084,163,1076,53683621.00,62418915.00
ic,2013,1312,1120,192,1081,62899659.00,79726753.00
ic,2014,1225,1008,217,1024,54601405.00,70050953.00
ic,2015,1243,1047,196,1031,57205752.00,72946124.00
ic,2016,1297,1069,228,1020,70554692.78,78857426.52
ic,2017,1502,1233,269,1208,123556192.62,169686717.21
ic,2018,1427,1120,307,1194,78392166.04,155565076.99
ic,2019,1091,893,198,930,94320652.22,134112371.93
ic,2020,792,633,159,733,79036646.82,139007399.83
ijc,2017,32,32,0,32,989481.17,989481.17
ijc,2018,34,34,0,34,1528231.11,1528231.11
ijc,2019,30,29,1,29,848572.67,848572.67
ijc,2020,27,26,1,26,887764.35,887764.35
inac,2013,1180,922,258,920,84666853.99,84502313.07
inac,2014,1416,1281,135,1162,331065200.10,293470134.23
inac,2015,982,778,204,774,126900261.85,141543338.93
inac,2016,974,774,200,769,100935635.65,90014126.66
inac,2017,1035,836,199,872,76417560.60,89920925.83
inac,2018,458,385,73,393,36143787.30,36731166.71
inac,2019,651,523,128,559,45960952.15,84094309.63
inac,2020,323,250,73,299,29514359.09,47342070.53
infra,2006,55,55,0,54,8355712.08,1331963.40
infra,2007,107,106,1,105,4480162.97,3950162.97
infra,2008,71,71,0,71,2437634.08,2437634.08
infra,2009,108,108,0,105,7709519.26,7182738.22
infra,2010,106,101,5,101,8165462.18,8209818.22
infra,2011,83,72,11,74,3581271.26,5167157.88
infra,2012,64,58,6,56,3400209.19,16546153.22
infra,2013,48,42,6,39,1755144.03,9429384.45
infra,2014,85,76,9,72,5840144.15,4917989.35
infra,2015,90,78,12,73,4651565534.91,55563836.81
infra,2016,143,122,21,118,14598228.84,9996383.33
infra,2017,121,96,25,96,12986628.05,15054884.64
infra,2018,146,116,30,107,11753236.66,4818182530.37
infra,2019,132,99,33,113,5590486.25,51541676.29
infra,2020,64,42,22,58,2736042.39,8026772.29
irb,2019,492,461,31,450,28503792.16,24340046.53
irb,2020,273,248,25,259,15514663.05,23187358.12
ircc,2010,1061,969,92,865,229364531.20,124778388.31
ircc,2011,873,692,181,679,243070239.30,74113537.44
ircc,2012,948,680,268,648,171696497.81,138970177.04
ircc,2013,910,638,272,642,74172551.09,177611074.32
ircc,2014,740,561,179,583,70704669.88,181047710.41
ircc,2015,829,652,177,647,376557395.01,361390951.03
ircc,2016,765,581,184,536,92421074.70,90675942.63
ircc,2017,810,517,293,550,144260535.26,110854166.30
ircc,2018,941,649,292,578,127688001.30,177288655.07
ircc,2019,1053,639,414,640,351060439.89,663424557.56
ircc,2020,744,416,328,609,88521805.81,541202319.83
isc,2017,192,168,24,159,17539210.23,16922685.33
isc,2018,515,486,29,486,87514351.80,87513287.33
isc,2019,578,514,64,464,324735518.61,307540050.48
isc,2020,709,572,137,631,81213137.75,113537858.62
just,2003,2,2,0,2,38254.10,38254.10
just,2004,717,717,0,714,25009210.50,24572522.55
just,2005,755,752,3,752,26937020.63,27300599.42
just,2006,582,582,0,579,23021704.80,22360810.11
just,2007,627,627,0,615,28691183.13,26616626.81
just,2008,731,731,0,660,33141105.10,24412962.45
just,2009,810,680,130,719,36253479.02,49601033.25
just,2010,631,567,64,561,29806788.88,36861635.78
just,2011,663,581,82,563,39256846.62,37655508.78
just,2012,474,369,105,378,27938463.58,36644083.86
just,2013,529,442,87,434,30524083.53,35571240.36
just,2014,416,314,102,313,21526814.48,24225927.03
just,2015,546,443,103,465,24612201.35,40441053.52
just,2016,437,378,59,392,28462539.15,35723382.81
just,2017,387,374,13,373,23788002.42,32882497.98
just,2018,502,460,42,442,55827698.65,53532959.84
just,2019,500,406,94,412,41694275.05,43880280.84
just,2020,246,190,56,229,16492325.27,48340334.00
lac,2012,77,77,0,64,2088176.30,1281719.56
lac,2013,283,246,37,232,14605572.97,12626082.52
lac,2014,235,190,45,188,11566324.51,14417578.07
lac,2015,192,151,41,156,11541024.74,14431744.45
lac,2016,181,139,42,139,12971742.64,9201250.58
lac,2017,196,148,48,151,9888910.85,10901579.32
lac,2018,205,170,35,165,19749987.69,16004383.45
lac,2019,151,105,46,115,10075720.28,12189565.52
lac,2020,69,46,23,62,4478564.60,17728443.61
mgerc,2015,2,2,0,2,15220.35,15220.35
mgerc,2016,26,25,1,25,394709.00,419569.00
mgerc,2017,17,16,1,14,679872.43,570440.97
mgerc,2018,18,15,3,17,320315.99,530040.79
mgerc,2019,13,13,0,13,411318.93,411318.93
mgerc,2020,10,9,1,9,216249.26,229385.51
mpcc,2016,21,18,3,18,526236.33,526236.33
mpcc,2017,25,22,3,20,725093.88,680975.90
mpcc,2018,27,24,3,23,465392.20,492092.85
mpcc,2019,24,21,3,24,431013.89,847743.09
mpcc,2020,22,22,0,22,423601.35,423601.35
nbc,2019,92,92,0,92,6455222.55,6455222.55
nbc,2020,21,21,0,21,1546616.00,1546616.00
nfb,2016,46,46,0,46,2783976.50,2783976.50
nfb,2017,216,214,2,214,9064935.25,9064935.25
nfb,2018,144,139,5,135,5868396.06,5387221.74
nfb,2019,251,244,7,239,13490545.37,13355377.03
nfb,2020,113,101,12,110,3874220.26,4856761.66
nrc,2009,2828,2677,151,2587,162278503.00,128107553.00
nrc,2010,2723,2528,195,2511,159036585.00,130090470.00
nrc,2011,2435,2223,212,2225,246345210.00,149460803.00
nrc,2012,2026,1843,183,1829,86380016.00,95983200.00
nrc,2013,2375,2143,232,2129,128339034.00,129422358.00
nrc,2014,2261,2045,216,2020,298272080.00,308840583.00
nrc,2015,2661,2362,299,2316,141088124.00,137362561.00
nrc,2016,2874,2464,410,2425,154387302.84,138471822.25
nrc,2017,3021,2559,462,2556,192985022.93,197819111.82
nrc,2018,2950,2531,419,2519,138306130.77,176722220.72
nrc,2019,3104,2668,436,2709,146392290.79,205855889.37
nrc,2020,1864,1571,293,1735,131340134.89,224545834.91
nrcan,2011,2097,2085,12,2036,119541197.64,113405676.05
nrcan,2012,1962,1859,103,1872,152690986.29,135252494.19
nrcan,2013,1907,1805,102,1704,164685144.45,134110846.83
nrcan,2014,2061,1854,207,1836,108005285.82,111589180.15
nrcan,2015,1988,1774,214,1774,126521422.07,183591007.96
nrcan,2016,2068,1850,218,1830,107584042.49,115083809.44
nrcan,2017,2139,1901,238,1890,118018301.50,127408893.90
nrcan,2018,2169,1924,245,1945,105452633.25,146282416.78
nrcan,2019,2026,1778,248,1807,100149573.71,133308762.24
nrcan,2020,1070,901,169,1011,69988225.74,129479588.30
nserc,2017,148,143,5,114,13824571.22,7873471.15
nserc,2018,187,142,45,147,13193964.82,12104423.11
nserc,2019,212,177,35,177,16001483.92,18831223.83
nserc,2020,102,74,28,98,3108948.58,16424126.10
nsira,2019,13,13,0,13,360840.67,360840.67
nsira,2020,22,22,0,22,1001154.62,1001154.62
oag,2016,81,78,3,67,3920190.32,2777146.23
oag,2017,191,174,17,164,6948390.26,6258216.18
oag,2018,220,193,27,199,6347182.26,7046811.63
oag,2019,246,226,20,219,13549878.60,10428518.92
oag,2020,138,108,30,128,7543021.44,18562365.08
oci,2016,3,2,1,1,395025.70,88479.00
oci,2017,5,3,2,4,63999.81,439970.67
oci,2018,6,6,0,5,302058.49,251434.49
oci,2019,5,4,1,4,76341.39,154195.86
oci,2020,3,2,1,3,37353.74,81596.43
ocl,2017,17,17,0,16,999678.81,910691.31
ocl,2018,27,25,2,24,1279521.42,1019082.43
ocl,2019,23,19,4,17,664187.23,511548.46
ocl,2020,8,4,4,8,181574.90,1467549.16
ocol,2016,22,22,0,21,790384.81,713417.87
ocol,2017,85,82,3,78,3382845.15,3278277.70
ocol,2018,56,49,7,48,2577215.77,2003400.63
ocol,2019,52,43,9,45,2159195.81,3647715.53
ocol,2020,33,25,8,29,2128056.69,3098125.30
ocsec,2020,3,3,0,3,210245.80,210245.80
oic,2017,32,32,0,31,2759956.64,2535871.89
oic,2018,60,51,9,46,4059625.46,3549389.27
oic,2019,37,32,5,33,2523441.32,4051536.59
oic,2020,27,20,7,25,1263130.78,2063256.27
opc,2017,2,2,0,2,113132.25,113132.25
opc,2018,113,107,6,104,7056866.04,5640304.13
opc,2019,121,113,8,113,3842719.79,3953653.86
opc,2020,49,46,3,49,1699283.44,4594519.77
osfi,2016,280,232,48,196,21582243.34,11639123.82
osfi,2017,311,235,76,225,11736496.31,21135616.73
osfi,2018,331,236,95,222,17962972.20,13253412.73
osfi,2019,409,289,120,311,12476446.15,43043553.83
osfi,2020,166,106,60,144,9943631.39,34719153.01
osgg,2016,27,27,0,20,1260652.84,678859.85
osgg,2017,51,36,15,36,13217601.54,12925759.35
osgg,2018,77,65,12,66,2850474.47,4080277.76
osgg,2019,60,47,13,51,3764232.06,4312804.05
osgg,2020,30,26,4,28,1071763.24,1315100.79
oto,2008,6,6,0,6,103243.84,103243.84
oto,2009,4,4,0,4,111043.29,111043.29
oto,2011,1,1,0,1,24860.00,24860.00
oto,2013,4,3,1,3,46813.23,111917.83
oto,2014,2,2,0,2,112675.83,112675.83
oto,2016,1,1,0,1,44215.20,44215.20
pbc,2009,59,59,0,59,1700525.00,1700525.00
pbc,2010,74,74,0,73,2039411.00,1994996.00
pbc,2011,93,93,0,93,2582889.00,2582889.00
pbc,2012,109,109,0,108,2614506.00,2566653.00
pbc,2013,89,88,1,89,1942598.00,1991481.00
pbc,2014,72,72,0,72,1559081.00,1559081.00
pbc,2015,37,36,1,37,899418.03,947075.33
pbc,2016,7,7,0,7,150908.20,150908.20
pbc,2017,50,47,3,47,1252453.03,1273551.53
pbc,2018,40,40,0,37,1039586.03,967211.03
pbc,2019,96,81,15,77,2435981.13,2195727.46
pbc,2020,54,41,13,48,1398758.66,1641989.58
pc,2004,1541,1534,7,1534,73469878.86,73479023.01
pc,2005,1465,1465,0,1462,61243288.06,59720678.06
pc,2006,1865,1865,0,1861,70189810.57,69441479.12
pc,2007,1645,1644,1,1627,74329700.08,68448888.98
pc,2008,1960,1941,19,1921,86190596.32,83363392.81
pc,2009,2301,2235,66,2197,155901129.88,129598729.74
pc,2010,2348,2249,99,2230,129382472.17,119172612.91
pc,2011,1977,1861,116,1833,119172173.47,155423602.87
pc,2012,1704,1590,114,1549,81740449.09,92290822.03
pc,2013,2472,2228,244,2208,140401611.22,164354295.84
pc,2014,2720,2469,251,2443,196833401.29,176844469.76
pc,2015,3603,3161,442,3020,412542767.15,317891184.33
pc,2016,3576,2965,611,2865,512992778.00,393840508.20
pc,2017,3685,2926,759,2854,498688584.84,455752340.43
pc,2018,3715,2826,889,2851,516515999.90,461170173.02
pc,2019,3429,2591,838,2709,475970335.40,608764630.82
pc,2020,1895,1353,542,1696,150949081.29,676872781.01
pch,2004,1043,1043,0,1042,40269453.50,40203634.37
pch,2005,933,933,0,929,35462223.73,34895865.31
pch,2006,911,911,0,906,32711033.86,31476039.78
pch,2007,868,868,0,856,48972794.30,47154958.34
pch,2008,667,667,0,632,44666951.46,41324933.47
pch,2009,637,540,97,551,35561211.14,44062224.74
pch,2010,448,351,97,352,17618997.99,25488291.36
pch,2011,319,261,58,277,19238302.52,27497022.04
pch,2012,188,154,34,154,11543416.84,15582282.01
pch,2013,235,205,30,200,13975247.96,13846730.84
pch,2014,398,348,50,333,27294685.69,21076143.65
pch,2015,383,322,61,325,19352465.77,24036040.29
pch,2016,529,451,78,450,30371893.17,30028492.92
pch,2017,576,492,84,494,27708449.75,50480266.38
pch,2018,301,245,56,251,17026099.97,16519631.91
pch,2019,426,369,57,374,17873335.12,23421624.89
pch,2020,276,217,59,248,13156286.27,35693811.93
pco,2004,474,428,46,424,13978262.93,13867038.93
pco,2005,516,480,36,475,18397426.96,18145182.50
pco,2006,351,336,15,337,14105286.49,12238346.08
pco,2007,293,287,6,277,13334689.95,12900177.66
pco,2008,313,292,21,276,11285446.59,10107122.39
pco,2009,352,312,40,315,12660916.99,12328958.73
pco,2010,332,293,39,293,20135418.19,22618472.80
pco,2011,285,246,39,247,17580687.41,20951657.56
pco,2012,185,156,29,155,6139094.05,8276138.27
pco,2013,237,200,37,192,16652594.55,14747995.97
pco,2014,172,130,42,142,8544265.13,12261484.97
pco,2015,179,158,21,163,6337303.29,12642510.51
pco,2016,277,256,21,236,23545152.38,25320514.75
pco,2017,375,331,44,325,39801320.79,38306209.67
pco,2018,421,358,63,364,33807597.79,39340685.44
pco,2019,388,330,58,338,25843965.11,34617746.23
pco,2020,182,141,41,166,19584523.38,34179572.83
phac,2010,1681,1525,156,1427,69122339.26,61616022.65
phac,2011,3236,2741,495,2656,163720827.80,145244057.09
phac,2012,2947,2124,823,2128,180710444.23,169715997.78
phac,2013,2691,1950,741,1922,154858125.79,173244210.54
phac,2014,2547,1958,589,1913,468418999.18,520159275.28
phac,2015,2183,1660,523,1739,155178880.19,197699070.80
phac,2016,1854,1525,329,1630,133937481.49,181454789.52
phac,2017,802,697,105,645,79001312.21,60299965.81
phac,2018,943,758,185,728,93236279.48,104174523.85
phac,2019,886,680,206,734,215823068.85,124297437.33
phac,2020,826,651,175,729,3674864309.61,3916035710.08
pmprb,2016,15,14,1,12,2347244.53,1873604.85
pmprb,2017,24,22,2,21,1813547.30,1491708.77
pmprb,2018,28,25,3,27,2541013.11,3420250.30
pmprb,2019,24,23,1,23,3615791.52,3266689.12
pmprb,2020,16,15,1,16,472581.39,1560625.39
polar,2019,9,9,0,9,200673.53,200673.53
polar,2020,9,9,0,9,1165731.98,1165731.98
ppsc,2006,3,3,0,3,74953.66,74953.66
ppsc,2007,34,34,0,34,919555.06,919555.06
ppsc,2008,126,126,0,125,3828424.50,3795494.46
ppsc,2009,141,140,1,133,4960251.70,4825251.73
ppsc,2010,113,103,10,107,3964082.27,4345131.55
ppsc,2011,116,112,4,109,4840066.35,4066142.23
ppsc,2012,124,115,9,113,4468528.95,4618583.02
ppsc,2013,365,343,22,195,47695808.64,14503537.89
ppsc,2014,304,144,160,174,16590688.33,19543522.82
ppsc,2015,136,95,41,101,23877139.71,24324068.48
ppsc,2016,87,74,13,72,4817181.56,7517762.04
ppsc,2017,113,101,12,102,9144651.15,11725291.95
ppsc,2018,279,155,124,129,24752199.97,17632625.84
ppsc,2019,258,111,147,248,18763813.21,81781698.22
ppsc,2020,86,67,19,76,5065211.62,6662726.69
pptc,2010,282,252,30,229,86413376.25,35648342.16
pptc,2011,344,304,40,302,174172470.42,31734126.22
pptc,2012,204,172,32,159,15057071.80,91469826.80
pptc,2013,285,219,66,244,49874551.11,212620105.02
pptc,2014,76,64,12,74,10999774.81,18397980.45
ps,2004,429,429,0,429,15795173.68,15795173.68
ps,2005,317,317,0,317,11618494.17,11618494.17
ps,2006,396,396,0,396,20548951.73,20548951.73
ps,2007,390,390,0,390,21877695.00,21877695.00
ps,2008,338,338,0,338,18806757.02,18806757.02
ps,2009,404,402,2,402,27436847.06,27471946.00
ps,2010,381,381,0,381,32536194.94,32536194.94
ps,2011,385,385,0,384,27925277.13,27892869.03
ps,2012,313,313,0,310,30054187.43,27881012.56
ps,2013,273,271,2,270,27319840.45,28970026.00
ps,2014,274,273,1,266,31560742.48,30791915.18
ps,2015,292,291,1,266,29467178.08,25645459.35
ps,2016,333,260,73,268,12617261.65,14376861.24
ps,2017,259,206,53,214,15154045.35,21040014.60
ps,2018,292,243,49,241,19723816.16,23015143.73
ps,2019,241,190,51,201,16338230.60,18820876.44
ps,2020,118,91,27,103,8935812.18,20314100.95
psc,2004,161,160,1,160,6183071.00,6183071.00
psc,2005,236,232,4,232,11878666.00,12048379.00
psc,2006,264,261,3,261,11003993.00,11067315.00
psc,2007,329,301,28,300,15061805.00,14625112.00
psc,2008,252,220,32,219,8700200.00,10319625.00
psc,2009,194,166,28,164,8655942.00,10135322.00
psc,2010,158,146,12,138,8106296.00,7212381.00
psc,2011,153,137,16,136,6064276.00,6127471.00
psc,2012,101,76,25,84,3088231.00,5064560.00
psc,2013,28,22,6,22,642855.00,2383746.00
psc,2014,30,20,10,21,1010963.00,1252451.00
psc,2015,74,67,7,65,2453452.00,2437624.00
psc,2016,56,47,9,46,4563836.13,4456979.61
psc,2017,69,61,8,61,2676011.16,2461856.51
psc,2018,91,81,10,78,4288830.49,5979980.60
psc,2019,78,65,13,69,7070959.14,9364222.84
psc,2020,41,35,6,41,2389536.75,5349196.59
psic,2016,14,14,0,14,473055.10,473055.10
psic,2017,19,18,1,15,686523.84,288191.64
psic,2018,13,9,4,8,1304438.15,224063.02
psic,2019,23,19,4,21,872946.09,2317505.92
psic,2020,18,14,4,16,1624800.13,2195603.28
pspc,2004,7072,6888,184,6814,2849714359.18,2792739027.91
pspc,2005,6811,6495,316,6525,875295751.46,871725072.91
pspc,2006,6333,6023,310,5992,658588829.76,659026041.71
pspc,2007,7176,6857,319,6791,763102969.33,756202596.93
pspc,2008,10186,9767,419,9397,1382697647.99,1126874445.35
pspc,2009,9734,8633,1101,8322,2089630418.53,1497261521.64
pspc,2010,10387,8770,1617,8396,5283818509.24,4750555958.18
pspc,2011,9121,7244,1877,7120,4414343876.87,4943821380.62
pspc,2012,8310,5915,2395,5677,3696209214.70,3021141787.42
pspc,2013,7868,5229,2639,5311,1718444853.61,2067742190.84
pspc,2014,7406,4998,2408,4928,2169330938.00,1616752917.38
pspc,2015,7173,4686,2487,4556,10813422185.85,2241058338.33
pspc,2016,8029,5335,2694,5519,3177934496.57,3732722380.82
pspc,2017,7916,5666,2250,5506,2557699976.58,2384871131.86
pspc,2018,7992,5628,2364,5729,2814899440.32,3546296815.48
pspc,2019,7823,5494,2329,5822,2032969125.52,3801872823.23
pspc,2020,4911,3431,1480,4320,3424904499.28,18729968158.08
rcmp,2004,3496,3455,41,3437,258254838.51,255486680.96
rcmp,2005,3720,3666,54,3651,285569656.81,270660722.17
rcmp,2006,3963,3888,75,3856,309950942.05,299024691.25
rcmp,2007,3946,3863,83,3791,320310648.01,288146336.13
rcmp,2008,4435,4206,229,4166,475626156.41,503700061.31
rcmp,2009,3397,3311,86,3167,635935845.50,513579582.60
rcmp,2010,3525,3145,380,3098,331424346.28,444743017.37
rcmp,2011,3372,3010,362,2977,330397154.15,344751752.41
rcmp,2012,3099,2645,454,2555,387102570.46,362633908.58
rcmp,2013,3331,2766,565,2707,339148998.00,395566632.95
rcmp,2014,3306,2697,609,2679,372228111.68,406084641.95
rcmp,2015,3571,2971,600,2836,392626792.86,392112071.34
rcmp,2016,3902,3078,824,3110,450103107.11,499934133.17
rcmp,2017,4103,3264,839,3346,575800369.73,727305106.32
rcmp,2018,3831,3159,672,3184,567717704.94,711230348.34
rcmp,2019,3550,2911,639,3023,503385713.46,592835161.47
rcmp,2020,2261,1715,546,2128,271595086.16,623871305.45
sirc,2015,2,2,0,2,100000.00,100000.00
sirc,2016,10,10,0,10,865723.94,865723.94
sirc,2017,21,21,0,21,1893385.26,1893385.26
sirc,2018,18,18,0,18,425678.24,425678.24
sirc,2019,7,7,0,7,419373.00,419373.00
ssc,2011,10,10,0,2,11659798.00,24990.00
ssc,2012,3329,1860,1469,1609,297935803.02,211684911.95
ssc,2013,3013,2473,540,2377,3536279991.38,2644443761.90
ssc,2014,1853,1395,458,1465,2477902572.55,1183473729.10
ssc,2015,766,545,221,548,283398778.01,448124813.68
ssc,2016,2257,1761,496,1655,3425621075.54,2884970099.72
ssc,2017,2891,2133,758,2119,2371349733.75,2438650263.34
ssc,2018,2288,1747,541,1799,769858303.25,1787955564.55
ssc,2019,2258,1824,434,1914,1861100210.42,2867534865.94
ssc,2020,1212,884,328,1109,471933099.00,4462419370.75
sshrc,2017,37,34,3,27,2358275.55,1355953.51
sshrc,2018,42,33,9,35,1382839.79,1668199.07
sshrc,2019,48,44,4,42,2124451.71,2270479.92
sshrc,2020,25,18,7,25,605216.45,1868054.46
stats,2004,583,583,0,583,42388897.48,42388897.48
stats,2005,883,883,0,883,50215755.05,50215755.05
stats,2006,647,647,0,647,32610340.84,32610340.84
stats,2007,484,484,0,483,29410021.18,29393866.78
stats,2008,440,439,1,438,37152289.39,37127895.99
stats,2009,623,620,3,610,81895432.60,84520264.10
stats,2010,635,632,3,627,58319861.88,59414539.93
stats,2011,473,463,10,468,110552323.27,111858205.18
stats,2012,253,241,12,253,25757021.29,27304958.85
stats,2013,406,399,7,396,37246502.16,37128839.51
stats,2014,288,284,4,287,41563710.32,42289168.06
stats,2015,396,395,1,395,53989629.13,53994233.99
stats,2016,307,305,2,305,55610851.10,55610851.10
stats,2017,249,245,4,244,27005887.84,26996187.18
stats,2018,172,171,1,172,16712890.00,16737637.00
stats,2019,245,245,0,245,40431856.63,40431856.63
stats,2020,177,176,1,176,69296357.60,69296357.60
swc,2016,15,15,0,15,489487.06,489487.06
swc,2017,83,80,3,79,2060733.62,2079344.03
swc,2018,16,15,1,16,801876.85,813876.85
tbs,2004,545,545,0,545,22792099.76,22792099.76
tbs,2005,540,540,0,539,27450184.60,23785231.62
tbs,2006,704,704,0,701,52513391.10,37461982.22
tbs,2007,633,632,1,630,25251596.60,24353196.10
tbs,2008,469,469,0,439,23973433.39,19170753.47
tbs,2009,542,482,60,450,39902515.14,26352024.46
tbs,2010,544,354,190,389,42790552.42,54893357.86
tbs,2011,421,343,78,339,410013276.71,233504933.35
tbs,2012,267,194,73,210,40556185.21,53878150.74
tbs,2013,235,185,50,190,45086646.91,48467380.76
tbs,2014,203,167,36,172,30562031.22,37509544.69
tbs,2015,198,175,23,167,49975696.67,42506112.61
tbs,2016,225,186,39,175,46987871.49,37951593.78
tbs,2017,263,211,52,219,28641056.53,53917781.33
tbs,2018,333,283,50,280,110880031.31,457507059.67
tbs,2019,358,296,62,311,71990158.82,125353232.86
tbs,2020,158,117,41,144,24033311.72,195731124.53
tc,2011,1586,1489,97,1387,171860860.83,135593923.95
tc,2012,1107,965,142,952,91740418.25,95344113.31
tc,2013,1508,1349,159,1342,121626925.77,129128271.39
tc,2014,1569,1414,155,1401,123571771.34,140931167.74
tc,2015,1266,1099,167,1096,104717713.34,136763634.38
tc,2016,1065,907,158,933,78657629.60,117101725.59
tc,2017,1486,1330,156,1328,124671087.95,151214551.22
tc,2018,1514,1374,140,1354,195140833.77,216249680.88
tc,2019,1766,1561,205,1590,137944076.16,214594437.62
tc,2020,1233,1048,185,1149,86923971.30,140027741.74
tsb,2016,3,3,0,3,70475.18,70475.18
tsb,2017,62,61,1,58,1857019.07,1786548.32
tsb,2018,86,79,7,73,2720477.53,2626362.86
tsb,2019,61,48,13,52,1779998.32,2343290.95
tsb,2020,43,38,5,42,1773420.37,2916574.53
vac,2010,143,115,28,114,13357013.61,16083032.13
vac,2011,376,315,61,314,22276812.40,29768662.22
vac,2012,393,314,79,313,19396634.65,22606418.60
vac,2013,402,321,81,313,187839685.15,25565814.63
vac,2014,408,340,68,336,59404820.43,71584769.75
vac,2015,480,392,88,399,19206995.37,22132196.29
vac,2016,135,131,4,125,25412660.97,24622774.56
vac,2017,160,138,22,137,53748795.93,30980821.54
vac,2018,330,293,37,284,137982596.58,144571104.58
vac,2019,381,330,51,343,130245904.24,140865758.34
vac,2020,209,179,30,190,65773068.67,306612353.35
vrab,2011,9,9,0,8,143566.00,136786.00
vrab,2012,7,6,1,6,93000.00,103349.69
vrab,2013,3,2,1,3,120257.00,141614.00
vrab,2015,8,8,0,8,177663.00,177663.00
vrab,2016,2,2,0,2,57286.00,57286.00
vrab,2018,5,5,0,5,115295.63,115295.63
vrab,2019,9,9,0,9,193469.32,193469.32
vrab,2020,7,7,0,7,208184.71,208184.71
wage,2018,41,40,1,39,1855775.54,1794723.81
wage,2019,116,110,6,109,6510604.72,6378861.36
wage,2020,82,76,6,78,5463548.36,7130070.53
wd,2018,51,46,5,45,1773468.68,1442028.15
wd,2019,59,57,2,57,2398746.64,2428151.89
wd,2020,24,23,1,24,487616.86,1064731.81
